filename,label,prob,fold,z,brightness,contrast,sharpness,background,hole_radius,hole_offset,outcome_0.5,outcome_tuned
cast_def_0_2949.jpeg,1,0.118124716,0,-2.0103096961975098,152.0624237060547,60.13212203979492,78.57440185546875,190.048828125,57.395026022435516,6.374328119451723,FN,FN
cast_def_0_3320.jpeg,1,0.9961815,0,5.564047813415527,137.83229064941406,56.52947998046875,123.14053344726562,169.1859130859375,58.96793363067532,7.8808272210506045,TP,TP
cast_def_0_3622.jpeg,1,1.0,0,18.775409698486328,135.64939880371094,59.31401062011719,280.05169677734375,148.59283447265625,54.323576417702135,3.5983795589467404,TP,TP
cast_def_0_3981.jpeg,1,0.9957361,0,5.453301906585693,132.53468322753906,54.46006393432617,215.55677795410156,148.9930877685547,58.24284039313894,5.670026542291745,TP,TP
cast_def_0_4778.jpeg,1,0.9885168,0,4.455325603485107,142.67401123046875,59.303123474121094,220.37490844726562,157.4326629638672,58.38203714547849,3.2585352021881313,TP,TP
cast_def_0_4953.jpeg,1,0.9908544,0,4.6852922439575195,148.05685424804688,59.51542282104492,172.6359100341797,176.59458923339844,63.77339112647448,3.3261554406762808,TP,TP
cast_def_0_5393.jpeg,1,0.9997178,0,8.172680854797363,146.6450958251953,61.07761001586914,315.5157470703125,160.44166564941406,57.01107127411909,5.2785168213826745,TP,TP
cast_def_0_5641.jpeg,1,0.9999999,0,15.902023315429688,137.5062255859375,62.434146881103516,222.9087371826172,157.1998291015625,58.04575906347874,4.734412823073522,TP,TP
cast_def_0_5980.jpeg,1,1.0,0,20.45724868774414,135.27589416503906,60.82020950317383,242.90505981445312,148.97409057617188,55.734963705627486,5.646583801547126,TP,TP
cast_def_0_6243.jpeg,1,0.9999585,0,10.09089469909668,140.77230834960938,58.130802154541016,199.0249786376953,161.30715942382812,59.0191925098033,4.967552424553162,TP,TP
cast_def_0_6596.jpeg,1,0.9999993,0,14.171777725219727,131.8194122314453,54.254913330078125,187.337158203125,148.2638397216797,58.22370898403305,7.243681251394968,TP,TP
cast_def_0_6988.jpeg,1,0.023832094,0,-3.71260142326355,151.85858154296875,59.82576370239258,78.4477310180664,191.14341735839844,57.36174067688187,2.4798407358661225,FN,FN
cast_def_0_7311.jpeg,1,0.99992573,0,9.507734298706055,132.9896240234375,54.066009521484375,175.61769104003906,141.06040954589844,53.87050428887426,3.8677799403726745,TP,TP
cast_def_0_7492.jpeg,1,1.0,0,23.431100845336914,149.44540405273438,59.110313415527344,197.0858612060547,176.2603302001953,54.700209598571305,8.90877513086267,TP,TP
cast_def_0_7977.jpeg,1,1.0,0,19.14864158630371,137.82643127441406,60.06956481933594,225.84742736816406,148.29916381835938,54.10045659197301,2.584263532541645,TP,TP
cast_def_0_8269.jpeg,1,0.993117,0,4.971796035766602,131.8836669921875,52.80726623535156,120.25209045410156,150.50633239746094,55.774927321101785,11.046993648821939,TP,TP
cast_def_0_8780.jpeg,1,0.9996755,0,8.0328369140625,140.21987915039062,56.162017822265625,139.63356018066406,166.125,57.53627391751592,3.580583801899624,TP,TP
cast_def_0_9048.jpeg,1,0.99999607,0,12.437911987304688,133.27593994140625,59.88472366333008,271.3010559082031,143.88275146484375,59.708213214418464,2.5836091099783633,TP,TP
cast_def_0_9616.jpeg,1,0.999236,0,7.176197528839111,133.6265411376953,54.319801330566406,172.27279663085938,141.4356689453125,53.840952196964174,0.7289242259510808,TP,TP
cast_def_0_9799.jpeg,1,0.99833775,0,6.397899627685547,147.13629150390625,60.32135772705078,79.07144165039062,174.85140991210938,59.14310897538002,3.443704551980143,TP,TP
cast_def_0_9871.jpeg,1,1.0,0,18.75596046447754,146.15196228027344,58.732662200927734,135.9168243408203,169.2535858154297,55.065597025609286,8.226816247180084,TP,TP
cast_ok_0_1028.jpeg,0,0.0050547845,0,-5.282352447509766,141.00865173339844,62.79996109008789,171.1517791748047,166.87167358398438,60.029877740061195,4.7933981297096935,TN,TN
cast_ok_0_1241.jpeg,0,0.009332306,0,-4.6648969650268555,143.41934204101562,61.68994903564453,179.21298217773438,166.6320037841797,57.91125072757813,3.044890254064286,TN,TN
cast_ok_0_141.jpeg,0,0.006747667,0,-4.991787910461426,151.28512573242188,64.0937728881836,163.1583709716797,182.5051727294922,57.29788971768173,8.45637613266012,TN,TN
cast_ok_0_1461.jpeg,0,0.007858744,0,-4.838238716125488,151.73294067382812,60.48640060424805,77.31444549560547,182.9615020751953,56.23812789489124,2.1201520309380477,TN,TN
cast_ok_0_153.jpeg,0,0.017434876,0,-4.031693935394287,151.09661865234375,63.91695022583008,186.64991760253906,182.56350708007812,57.33121213382657,6.240642166731212,TN,TN
cast_ok_0_1676.jpeg,0,0.0014356729,0,-6.544684886932373,153.71051025390625,65.22216796875,168.14427185058594,185.47857666015625,57.292334097392555,5.891155907568443,TN,TN
cast_ok_0_1736.jpeg,0,0.00812761,0,-4.804327487945557,157.0236053466797,63.21770477294922,76.73475646972656,199.21958923339844,56.5035234160085,0.6272860051181591,TN,TN
cast_ok_0_1841.jpeg,0,0.27371463,0,-0.9758569002151489,142.52536010742188,61.128944396972656,195.79937744140625,164.955078125,57.95245990572941,4.53309618368316,TN,TN
cast_ok_0_1930.jpeg,0,0.040248968,0,-3.1715896129608154,152.59788513183594,65.18789672851562,245.1377716064453,162.68899536132812,59.49191226105922,8.3145634696324,TN,TN
cast_ok_0_1935.jpeg,0,0.0069219177,0,-4.966116428375244,156.4157257080078,59.16123580932617,137.92237854003906,186.92950439453125,52.53329147515378,13.94425188530755,TN,TN
cast_ok_0_1978.jpeg,0,0.003379213,0,-5.686727523803711,153.987060546875,65.82191467285156,253.978759765625,163.81658935546875,59.478534573799394,7.0317228693346285,TN,TN
cast_ok_0_2057.jpeg,0,0.0050883056,0,-5.27570915222168,150.4647979736328,61.09524917602539,90.6551742553711,183.89199829101562,58.34931484277965,2.544800121209363,TN,TN
cast_ok_0_2138.jpeg,0,0.004051097,0,-5.504708290100098,155.36160278320312,66.00460052490234,296.5769348144531,164.73500061035156,59.52133258946401,5.747762009178173,TN,TN
cast_ok_0_2200.jpeg,0,0.022600608,0,-3.766918420791626,156.32655334472656,59.08794403076172,139.09466552734375,186.78916931152344,52.524201884035456,12.055872804907624,TN,TN
cast_ok_0_2258.jpeg,0,0.032075863,0,-3.4070498943328857,154.60122680664062,65.4168701171875,197.08987426757812,186.53599548339844,57.31177641227443,6.72276034391699,TN,TN
cast_ok_0_2421.jpeg,0,0.04809325,0,-2.985325336456299,152.74749755859375,64.38018035888672,192.8352813720703,184.42691040039062,57.26454791112396,9.326566139707012,TN,TN
cast_ok_0_2517.jpeg,0,0.011545126,0,-4.4498796463012695,130.43182373046875,60.838138580322266,305.9891662597656,157.61175537109375,68.08485053589047,2.159651619990516,TN,TN
cast_ok_0_2671.jpeg,0,0.0054781497,0,-5.2014946937561035,155.91879272460938,58.93737030029297,138.86875915527344,186.7935028076172,52.518141282632484,13.222317838825592,TN,TN
cast_ok_0_2710.jpeg,0,0.00036250104,0,-7.922120571136475,151.79071044921875,66.10013580322266,239.3174591064453,159.2256622314453,59.80409585606217,1.435302956829819,TN,TN
cast_ok_0_2801.jpeg,0,0.006006251,0,-5.1089301109313965,151.44398498535156,65.75585174560547,287.2077331542969,157.14674377441406,59.910452148255594,4.7845981769125885,TN,TN
cast_ok_0_2948.jpeg,0,0.0061340616,0,-5.087745189666748,154.0302734375,65.80863189697266,259.9258728027344,164.22332763671875,59.49191226105922,9.302291022990227,TN,TN
cast_ok_0_3080.jpeg,0,0.012815694,0,-4.344186305999756,142.23899841308594,61.13331604003906,177.24708557128906,165.24783325195312,57.93048532539414,3.7459160258232576,TN,TN
cast_ok_0_3183.jpeg,0,0.13915819,0,-1.8222994804382324,157.63311767578125,63.234153747558594,76.75873565673828,200.49342346191406,56.54575852100825,2.753953662778069,TN,TN
cast_ok_0_3307.jpeg,0,0.0017393949,0,-6.352477073669434,151.59083557128906,61.5948486328125,88.49386596679688,184.8369140625,58.365678287319916,5.117301152402366,TN,TN
cast_ok_0_3399.jpeg,0,0.0020058632,0,-6.209672927856445,150.64405822753906,61.72212600708008,89.33946990966797,183.9846649169922,58.39566602657212,3.167042735834577,TN,TN
cast_ok_0_3489.jpeg,0,0.007813674,0,-4.844035625457764,153.51890563964844,64.92647552490234,170.6047821044922,185.013671875,57.29788971768173,6.368340301075592,TN,TN
cast_ok_0_3522.jpeg,0,0.04529735,0,-3.0481514930725098,157.28244018554688,63.146488189697266,73.77986907958984,199.8299102783203,56.52042124525014,2.834734638318211,TN,TN
cast_ok_0_355.jpeg,0,0.029538836,0,-3.4920654296875,156.50759887695312,62.593509674072266,77.1871109008789,198.79574584960938,56.55701588893205,2.072342385454162,TN,TN
cast_ok_0_3651.jpeg,0,0.0048814365,0,-5.317422389984131,152.2469940185547,66.18175506591797,239.21493530273438,158.3562469482422,59.822721856869386,3.1488077230691522,TN,TN
cast_ok_0_3674.jpeg,0,0.030219685,0,-3.468575954437256,153.7843475341797,60.595760345458984,72.2796859741211,192.840087890625,57.29511197487473,4.339812386755871,TN,TN
cast_ok_0_3774.jpeg,0,0.03743497,0,-3.2469964027404785,144.48500061035156,62.286373138427734,179.52317810058594,167.91624450683594,57.908502406349925,3.114138375899182,TN,TN
cast_ok_0_3928.jpeg,0,0.008022438,0,-4.817458152770996,148.10629272460938,62.65948486328125,183.16647338867188,178.87049865722656,57.411661458567394,7.427233397400775,TN,TN
cast_ok_0_4074.jpeg,0,0.03738625,0,-3.248349189758301,151.9244842529297,60.470252990722656,79.85700225830078,183.7167510986328,56.26642096298628,2.7126818584041894,TN,TN
cast_ok_0_4184.jpeg,0,0.048121195,0,-2.984714984893799,141.59674072265625,63.19560241699219,172.6029815673828,167.17074584960938,60.01131603525628,3.2241011885962343,TN,TN
cast_ok_0_4274.jpeg,0,0.0052034035,0,-5.253225326538086,153.8900146484375,65.10782623291016,168.72157287597656,186.05809020996094,57.27288518246626,8.114035959029215,TN,TN
cast_ok_0_4348.jpeg,0,0.0076797507,0,-4.861458778381348,151.07223510742188,61.66685485839844,87.50404357910156,183.06134033203125,58.368405082074254,5.5948468457293465,TN,TN
cast_ok_0_4461.jpeg,0,0.010109851,0,-4.584083557128906,142.43666076660156,61.044219970703125,171.2574920654297,165.1684112548828,57.908502406349925,3.8961523142980825,TN,TN
cast_ok_0_4563.jpeg,0,0.0023053368,0,-6.070220470428467,151.1513214111328,64.12789154052734,162.85755920410156,182.4951629638672,57.31733014807043,8.117402208176289,TN,TN
cast_ok_0_4622.jpeg,0,0.019072132,0,-3.9402706623077393,153.70811462402344,65.48512268066406,245.04635620117188,163.7955780029297,59.4999374296824,8.7511078940088,TN,TN
cast_ok_0_4685.jpeg,0,0.0007778896,0,-7.158147811889648,155.78965759277344,66.19059753417969,305.8182067871094,165.70907592773438,59.51331030590585,6.979924220119296,TN,TN
cast_ok_0_4779.jpeg,0,0.013556263,0,-4.287257671356201,152.85348510742188,60.89177322387695,79.6232681274414,184.2477569580078,56.24661730967202,2.4266323654034068,TN,TN
cast_ok_0_4886.jpeg,0,0.008918495,0,-4.71066951751709,150.92466735839844,61.55609130859375,91.48544311523438,185.07933044433594,58.37113174944697,2.3716251826371346,TN,TN
cast_ok_0_4955.jpeg,0,0.013223737,0,-4.312429904937744,151.89511108398438,64.65325927734375,251.02951049804688,161.6820831298828,59.50528694081298,9.144006799659437,TN,TN
cast_ok_0_5034.jpeg,0,0.009892205,0,-4.606066703796387,157.63327026367188,59.71317672729492,162.60804748535156,188.1651611328125,52.545408484074045,10.949368012010334,TN,TN
cast_ok_0_5208.jpeg,0,0.011877763,0,-4.421138286590576,138.89097595214844,62.2271614074707,177.94419860839844,164.1272430419922,60.082879584873176,4.080354839956857,TN,TN
cast_ok_0_5295.jpeg,0,0.0011612147,0,-6.757126808166504,152.619873046875,66.51795959472656,245.74766540527344,159.42141723632812,59.77481469994743,1.0401297474442293,TN,TN
cast_ok_0_5330.jpeg,0,0.031448912,0,-3.4274368286132812,152.8260040283203,60.915435791015625,80.53822326660156,184.7189178466797,56.235297805168244,3.867016711024483,TN,TN
cast_ok_0_5431.jpeg,0,0.03208009,0,-3.4069137573242188,155.9512939453125,59.10383987426758,135.4075164794922,187.19183349609375,52.55146594083335,16.074087862132867,TN,TN
cast_ok_0_5579.jpeg,0,0.0019140271,0,-6.256629943847656,132.78248596191406,55.11700439453125,213.2587127685547,149.21600341796875,67.63218955838316,3.155340424865262,TN,TN
cast_ok_0_5659.jpeg,0,0.071691416,0,-2.560993194580078,140.3426513671875,62.94938278198242,152.6696014404297,166.21124267578125,59.98478935048093,5.020407413016818,TN,TN
cast_ok_0_5763.jpeg,0,0.009657575,0,-4.630308151245117,150.71629333496094,65.0765380859375,290.8263244628906,157.68016052246094,59.89982501697053,1.5466496175737479,TN,TN
cast_ok_0_5793.jpeg,0,0.0009064327,0,-7.005086898803711,152.55589294433594,66.3361587524414,241.44960021972656,159.74342346191406,59.814739995303896,2.176956784523133,TN,TN
cast_ok_0_598.jpeg,0,0.009101928,0,-4.690125465393066,153.55917358398438,60.60847091674805,70.42349243164062,192.60108947753906,57.34509075905924,3.8201872433518176,TN,TN
cast_ok_0_6015.jpeg,0,0.0474234,0,-3.0000548362731934,157.24615478515625,62.83346939086914,84.0915298461914,199.6945037841797,56.46689410533424,3.7564625894776045,TN,TN
cast_ok_0_6095.jpeg,0,0.018932706,0,-3.9477500915527344,157.3356475830078,59.63884353637695,158.86257934570312,188.1369171142578,52.53329147515378,11.022434321293261,TN,TN
cast_ok_0_6118.jpeg,0,0.006500145,0,-5.029409408569336,151.45770263671875,64.82576751708984,242.62062072753906,161.48983764648438,59.48121035194924,10.823920483865246,TN,TN
cast_ok_0_625.jpeg,0,0.20402832,0,-1.361304759979248,141.70919799804688,60.70507049560547,174.8923797607422,164.3599090576172,57.93323260376456,2.524941601189598,TN,TN
cast_ok_0_6346.jpeg,0,0.005783028,0,-5.147027969360352,151.53785705566406,61.7747688293457,90.3586654663086,184.83457946777344,58.39566602657212,4.855287137366807,TN,TN
cast_ok_0_6418.jpeg,0,0.0052102725,0,-5.251899242401123,152.2906951904297,60.42961502075195,79.29957580566406,183.37416076660156,56.280562163280685,0.12796944305516544,TN,TN
cast_ok_0_6568.jpeg,0,0.12710819,0,-1.926772952079773,152.4344482421875,62.153255462646484,95.58126831054688,185.26058959960938,58.3574971385886,5.774110609412583,TN,TN
cast_ok_0_6684.jpeg,0,0.17006564,0,-1.5851621627807617,142.955078125,61.47738265991211,176.2785186767578,164.9667510986328,57.92773791673141,5.70511864422949,TN,TN
cast_ok_0_6737.jpeg,0,0.11354856,0,-2.0549957752227783,141.60543823242188,63.34428024291992,173.45242309570312,166.9948272705078,60.02192342659591,5.415005032261833,TN,TN
cast_ok_0_6912.jpeg,0,0.0018124224,0,-6.311276912689209,153.16302490234375,64.4292221069336,198.23751831054688,184.55691528320312,57.33398812763688,5.9460681694249775,TN,TN
cast_ok_0_7037.jpeg,0,0.0035342267,0,-5.641720294952393,156.49081420898438,59.0543212890625,165.24557495117188,187.34808349609375,52.57266154318092,14.52750430669466,TN,TN
cast_ok_0_7058.jpeg,0,0.00403952,0,-5.50758171081543,152.0169219970703,61.9747428894043,89.15306854248047,184.27366638183594,58.39566602657212,5.6159843300479695,TN,TN
cast_ok_0_7127.jpeg,0,0.002388077,0,-6.034875869750977,151.2447509765625,65.60718536376953,287.70751953125,158.64041137695312,59.87059067952868,2.5156058812773097,TN,TN
cast_ok_0_7255.jpeg,0,0.0036183281,0,-5.6181182861328125,150.38543701171875,61.4697151184082,89.4564437866211,183.19674682617188,58.3574971385886,4.762714144937852,TN,TN
cast_ok_0_7320.jpeg,0,0.019981468,0,-3.892766237258911,155.8994598388672,66.1950454711914,315.954833984375,165.4231719970703,59.54004704758703,8.314057246304651,TN,TN
cast_ok_0_7349.jpeg,0,0.0022965348,0,-6.074054718017578,154.47117614746094,67.14612579345703,261.055419921875,160.85366821289062,59.79877307594784,1.8932138105235958,TN,TN
cast_ok_0_7465.jpeg,0,0.01199424,0,-4.411262035369873,158.41397094726562,66.62123107910156,342.8502197265625,188.19717407226562,66.7462745554262,11.36019962105034,TN,TN
cast_ok_0_7588.jpeg,0,0.027826585,0,-3.553542375564575,156.47218322753906,59.2520866394043,140.26918029785156,187.33074951171875,52.58779602878194,12.209850486880896,TN,TN
cast_ok_0_7732.jpeg,0,0.0016789983,0,-6.387877464294434,154.50503540039062,65.55901336669922,304.0164489746094,164.7066650390625,59.52400644371794,8.563171828031946,TN,TN
cast_ok_0_7847.jpeg,0,0.0007706978,0,-7.16744327545166,125.80235290527344,59.27238845825195,403.4443054199219,156.80133056640625,68.31355093493937,3.43848197727959,TN,TN
cast_ok_0_7949.jpeg,0,0.09922814,0,-2.2058303356170654,155.59951782226562,65.42789459228516,324.4724426269531,185.5329132080078,66.80347748655564,10.44656245241992,TN,TN
cast_ok_0_8096.jpeg,0,0.003876155,0,-5.549027919769287,142.27952575683594,63.8737678527832,157.78921508789062,167.5972442626953,59.95294183597135,2.8621451881744893,TN,TN
cast_ok_0_8147.jpeg,0,0.012569587,0,-4.363825798034668,150.17872619628906,61.49024963378906,87.32162475585938,183.895751953125,58.40929172758277,4.325485109494376,TN,TN
cast_ok_0_8339.jpeg,0,0.0013450313,0,-6.609992027282715,142.57913208007812,61.35669708251953,177.5223846435547,166.6804962158203,57.9167469787866,1.3995763786329178,TN,TN
cast_ok_0_8503.jpeg,0,0.008817503,0,-4.7221598625183105,139.4380340576172,60.060001373291016,167.9582061767578,162.4536590576172,57.97168083063024,1.0145687301241224,TN,TN
cast_ok_0_8533.jpeg,0,0.053839725,0,-2.8664004802703857,157.8064727783203,63.2093391418457,77.05473327636719,200.78933715820312,56.43024101829304,3.7515347709501365,TN,TN
cast_ok_0_8637.jpeg,0,0.008969114,0,-4.704958915710449,156.37933349609375,59.318172454833984,155.21961975097656,187.06983947753906,52.57871586018645,14.38288388361075,TN,TN
cast_ok_0_8725.jpeg,0,0.014611935,0,-4.2111968994140625,153.20114135742188,61.02275466918945,83.02410888671875,184.41375732421875,56.21548318775419,2.038738486383466,TN,TN
cast_ok_0_8815.jpeg,0,0.0025849433,0,-5.955463409423828,152.01693725585938,60.63436508178711,76.13755798339844,182.8590850830078,56.286217648615086,1.0663136789059375,TN,TN
cast_ok_0_8885.jpeg,0,0.007110688,0,-4.939020156860352,141.93507385253906,60.92511749267578,199.0491943359375,164.94383239746094,57.92773791673141,3.239950531976536,TN,TN
cast_ok_0_8960.jpeg,0,0.0058165616,0,-5.141212463378906,154.17950439453125,65.89561462402344,260.74420166015625,164.1387481689453,59.49191226105922,8.067018381430552,TN,TN
cast_ok_0_9054.jpeg,0,0.04148924,0,-3.139946699142456,156.3353729248047,58.990360260009766,159.8111572265625,187.06283569335938,52.53329147515378,13.021420506989159,TN,TN
cast_ok_0_9104.jpeg,0,0.002731702,0,-5.900094985961914,151.1289520263672,63.99128341674805,191.8034210205078,182.093994140625,57.383933052478326,5.608777255902003,TN,TN
cast_ok_0_9155.jpeg,0,0.010251582,0,-4.570018768310547,151.7142791748047,62.12993240356445,90.9441146850586,183.7814178466797,58.365678287319916,6.168474046002937,TN,TN
cast_ok_0_9225.jpeg,0,0.0018958468,0,-6.2661919593811035,142.99163818359375,64.14303588867188,155.43991088867188,168.94708251953125,59.95294183597135,1.6312444158285349,TN,TN
cast_ok_0_935.jpeg,0,0.0223388,0,-3.7788381576538086,152.54258728027344,65.10028839111328,261.67742919921875,162.83299255371094,59.48121035194924,10.781135690129451,TN,TN
cast_ok_0_9360.jpeg,0,0.009811476,0,-4.61434268951416,151.85423278808594,60.27336883544922,77.62957763671875,183.43309020996094,56.24378764712163,4.727330587311951,TN,TN
cast_ok_0_9422.jpeg,0,0.08880831,0,-2.328273057937622,152.84573364257812,60.11183166503906,70.48699951171875,191.68150329589844,57.33121213382657,2.9791188722430615,TN,TN
cast_ok_0_9438.jpeg,0,0.005467713,0,-5.203412055969238,155.44432067871094,58.89273452758789,155.54522705078125,186.1359100341797,52.59687462980405,14.191700575727188,TN,TN
cast_ok_0_9591.jpeg,0,0.006770812,0,-4.988340377807617,150.10206604003906,61.274017333984375,88.37833404541016,183.03466796875,58.39021485586932,4.498162093253399,TN,TN
cast_ok_0_9662.jpeg,0,0.1262809,0,-1.9342501163482666,151.661865234375,60.126014709472656,83.53773498535156,190.63600158691406,57.42274907193043,2.021565042670063,TN,TN
cast_ok_0_9704.jpeg,0,0.0077119847,0,-4.857237815856934,150.98306274414062,61.9246711730957,90.63021850585938,183.14816284179688,58.38748907966841,5.696983681598496,TN,TN
cast_ok_0_9797.jpeg,0,0.012641164,0,-4.358075141906738,150.4208526611328,61.22781753540039,94.52279663085938,183.13450622558594,58.42291425073545,2.227681342729504,TN,TN
cast_ok_0_9924.jpeg,0,0.028365768,0,-3.5337963104248047,142.09841918945312,61.08292770385742,171.96502685546875,164.35000610351562,57.9469670418807,4.824160501882695,TN,TN
cast_ok_0_9978.jpeg,0,0.0014211795,0,-6.554845809936523,152.52865600585938,65.91749572753906,290.7896423339844,158.6444091796875,59.8333626826129,2.7833225392165617,TN,TN
cast_def_0_3046.jpeg,1,0.9999776,1,10.704208374023438,139.7295684814453,62.88763427734375,260.310546875,145.8195037841797,57.823239657377705,1.8381678436497264,TP,TP
cast_def_0_3328.jpeg,1,0.99999976,1,15.311467170715332,131.22360229492188,58.27583312988281,254.73028564453125,157.52450561523438,58.14164592847245,8.094989439518207,TP,TP
cast_def_0_3890.jpeg,1,0.9999807,1,10.85173511505127,138.6202850341797,55.818580627441406,208.73236083984375,151.18841552734375,56.39920826248025,2.0388319592874677,TP,TP
cast_def_0_4527.jpeg,1,1.0,1,17.55574607849121,142.14979553222656,54.08705520629883,223.4576416015625,167.51991271972656,52.14711264938955,18.194579833601015,TP,TP
cast_def_0_4744.jpeg,1,0.9999989,1,13.701261520385742,139.68771362304688,55.940853118896484,278.15789794921875,160.37649536132812,63.31755693711535,10.056437612533573,TP,TP
cast_def_0_4989.jpeg,1,1.0,1,17.49165916442871,138.0943603515625,60.81266784667969,300.7305908203125,155.2296600341797,55.290579187680116,3.7038135612599623,TP,TP
cast_def_0_5518.jpeg,1,1.0,1,21.055519104003906,132.00537109375,59.79277801513672,185.71595764160156,143.61924743652344,55.566229816164146,5.405517043483114,TP,TP
cast_def_0_5787.jpeg,1,0.99972266,1,8.190147399902344,136.24954223632812,60.803470611572266,181.4886016845703,149.3538360595703,60.49206932787849,9.503523434963729,TP,TP
cast_def_0_6063.jpeg,1,0.9948637,1,5.266277313232422,138.03330993652344,56.61513900756836,104.96182250976562,169.14175415039062,58.98682366321326,9.019347057654834,TP,TP
cast_def_0_6382.jpeg,1,1.0,1,17.780094146728516,126.47036743164062,61.06328582763672,216.9792022705078,130.83450317382812,56.98873370003247,7.548415606540134,TP,TP
cast_def_0_6797.jpeg,1,0.9999722,1,10.491317749023438,148.6204833984375,60.90834426879883,187.65223693847656,173.9856719970703,57.072454523340156,9.059658635796461,TP,TP
cast_def_0_7106.jpeg,1,0.99999774,1,12.978109359741211,130.6470947265625,55.74686813354492,155.73480224609375,165.8818359375,57.66337720837965,1.1796092146182473,TP,TP
cast_def_0_7314.jpeg,1,1.0,1,23.510944366455078,144.20884704589844,59.24033737182617,154.27511596679688,165.15933227539062,56.02263362045894,5.275583609266376,TP,TP
cast_def_0_7541.jpeg,1,0.9999505,1,9.914953231811523,152.14935302734375,62.49699401855469,82.63044738769531,190.79425048828125,58.155331146015975,10.000714184600811,TP,TP
cast_def_0_8083.jpeg,1,0.9999925,1,11.794239044189453,143.37554931640625,57.510868072509766,299.6667785644531,163.34283447265625,63.25720179723754,8.522064405434582,TP,TP
cast_def_0_8448.jpeg,1,1.0,1,19.4578800201416,142.81060791015625,65.28034210205078,182.11361694335938,169.5347442626953,55.68068149214879,5.636550383747953,TP,TP
cast_def_0_8823.jpeg,1,0.99946564,1,7.533965110778809,138.66285705566406,62.512840270996094,287.67529296875,144.91366577148438,57.85901030085916,1.3602501026765945,TP,TP
cast_def_0_9071.jpeg,1,1.0,1,18.23924446105957,141.8441925048828,54.15415954589844,225.60617065429688,167.16783142089844,52.2020204170244,14.630541642670732,TP,TP
cast_def_0_9319.jpeg,1,0.9946273,1,5.221046447753906,135.42091369628906,60.47523880004883,202.8275604248047,146.28240966796875,59.646874166851596,12.260155266091262,TP,TP
cast_def_0_9765.jpeg,1,0.99578744,1,5.465465068817139,136.4263153076172,56.740699768066406,233.7783966064453,150.38108825683594,58.493700229935584,4.620809061498441,TP,TP
cast_def_0_9841.jpeg,1,0.99999475,1,12.156582832336426,136.62384033203125,56.66830062866211,131.36618041992188,161.12741088867188,58.22644242733326,11.86310632027309,TP,TP
cast_ok_0_1041.jpeg,0,0.07406353,1,-2.5258822441101074,153.32908630371094,64.7067642211914,191.7134246826172,184.44525146484375,57.33121213382657,2.7278413800008297,TN,TN
cast_ok_0_128.jpeg,0,0.01303677,1,-4.326858997344971,153.24693298339844,64.60755920410156,173.77146911621094,185.05325317382812,57.256209425763245,5.574173386258897,TN,TN
cast_ok_0_142.jpeg,0,0.06396655,1,-2.683290958404541,141.297607421875,63.35755157470703,157.49790954589844,166.97525024414062,59.97682905725359,3.601148308702782,TN,TN
cast_ok_0_1486.jpeg,0,0.0053339936,1,-5.228306770324707,153.38650512695312,65.06645202636719,165.1963348388672,184.91624450683594,57.267327136436144,7.643257484995286,TN,TN
cast_ok_0_1513.jpeg,0,0.0979494,1,-2.220219612121582,156.91464233398438,63.05038070678711,75.02668762207031,199.49658203125,56.52042124525014,2.2968893490999456,TN,TN
cast_ok_0_1680.jpeg,0,0.15955292,1,-1.6615583896636963,152.70411682128906,60.26048278808594,78.95368957519531,192.00257873535156,57.358966026207796,6.868413811290542,TN,TN
cast_ok_0_1739.jpeg,0,0.009738804,1,-4.621850490570068,141.18174743652344,57.80525207519531,233.6360626220703,159.94424438476562,66.79156424928097,4.86510289544852,TN,TN
cast_ok_0_1858.jpeg,0,0.1269263,1,-1.9284133911132812,156.71580505371094,59.47219467163086,136.5070037841797,187.61192321777344,52.54843729973693,11.063580747602275,TN,TN
cast_ok_0_1883.jpeg,0,0.77844447,1,1.2566243410110474,154.00830078125,65.034912109375,206.45533752441406,185.5395050048828,57.289556085215615,5.441616828972579,FP,FP
cast_ok_0_1937.jpeg,0,0.061839625,1,-2.719376564025879,153.62005615234375,61.014198303222656,88.58879852294922,184.77650451660156,56.23812789489124,1.0485785043813936,TN,TN
cast_ok_0_1995.jpeg,0,0.0020144791,1,-6.20537805557251,134.35191345214844,50.448543548583984,151.70408630371094,156.47341918945312,62.24266723673493,9.022634847389767,TN,TN
cast_ok_0_2070.jpeg,0,0.04880151,1,-2.969961404800415,150.6509246826172,61.37637710571289,88.96424102783203,184.60450744628906,58.37113174944697,1.4947567176540149,TN,TN
cast_ok_0_2141.jpeg,0,0.117295854,1,-2.0182907581329346,153.4026336669922,60.90231704711914,78.81398010253906,185.49366760253906,56.20132561249561,3.3028674832560605,TN,TN
cast_ok_0_2214.jpeg,0,0.10885727,1,-2.1024670600891113,150.1386260986328,61.42266082763672,97.49646759033203,181.99032592773438,58.41201648637078,4.220151676787425,TN,TN
cast_ok_0_2310.jpeg,0,0.32364985,1,-0.7370487451553345,152.54330444335938,60.444984436035156,70.17046356201172,191.63558959960938,57.353416322162474,6.23212644655287,TN,TN
cast_ok_0_235.jpeg,0,0.263728,1,-1.0266814231872559,153.13401794433594,60.392578125,96.8232421875,191.96441650390625,57.38947980548075,5.042300789482454,TN,TN
cast_ok_0_2461.jpeg,0,0.054938924,1,-2.845027446746826,152.8063201904297,61.14601516723633,84.25566864013672,194.70166015625,56.58514951047448,5.757449642325114,TN,TN
cast_ok_0_259.jpeg,0,0.70302665,1,0.8617522120475769,153.18646240234375,60.45329284667969,121.10749053955078,192.39967346191406,57.42552064077497,4.194625457145659,FP,TN
cast_ok_0_2687.jpeg,0,0.17897703,1,-1.5232936143875122,155.5054931640625,58.96196365356445,137.98812866210938,186.43865966796875,52.58779602878194,14.451966203958687,TN,TN
cast_ok_0_2805.jpeg,0,0.0120091485,1,-4.410004615783691,151.14157104492188,65.81444549560547,297.5968933105469,158.19725036621094,59.85995647150883,1.1694492907686214,TN,TN
cast_ok_0_2862.jpeg,0,0.026019778,1,-3.6225340366363525,150.24046325683594,61.480552673339844,89.81915283203125,183.65432739257812,58.373858289455896,2.932785429692655,TN,TN
cast_ok_0_3018.jpeg,0,0.026710706,1,-3.5956168174743652,152.9026336669922,64.20468139648438,190.31729125976562,184.45166015625,57.31733014807043,7.681683543182158,TN,TN
cast_ok_0_3094.jpeg,0,0.06005667,1,-2.750530958175659,156.09523010253906,62.48883056640625,86.93704223632812,198.4568328857422,56.53449891147389,4.3816162562291,TN,TN
cast_ok_0_3185.jpeg,0,0.5064969,1,0.025989174842834473,141.02455139160156,60.260597229003906,200.34506225585938,163.96600341796875,57.96618978815232,3.082066978425573,FP,TN
cast_ok_0_3321.jpeg,0,0.00864981,1,-4.741530418395996,155.31173706054688,66.32674407958984,278.6534118652344,165.7189178466797,59.51865861508815,6.77184328040257,TN,TN
cast_ok_0_3416.jpeg,0,0.027110422,1,-3.580352306365967,153.31285095214844,61.106746673583984,78.32141876220703,184.88983154296875,56.209820585555214,3.4030585352627347,TN,TN
cast_ok_0_3508.jpeg,0,0.010616604,1,-4.53466272354126,140.94271850585938,60.31427764892578,198.78453063964844,163.93167114257812,57.94422041469386,2.618978082524936,TN,TN
cast_ok_0_3570.jpeg,0,0.09643816,1,-2.2374424934387207,156.52200317382812,59.43668746948242,137.60572814941406,187.32666015625,52.54237949381449,14.399909403188856,TN,TN
cast_ok_0_3640.jpeg,0,0.024338543,1,-3.691054344177246,141.5474395751953,60.62419509887695,200.61184692382812,164.29441833496094,57.98815083830114,2.2238807875544526,TN,TN
cast_ok_0_3676.jpeg,0,0.01171996,1,-4.434672832489014,148.65565490722656,64.34947204589844,283.738037109375,155.8614959716797,59.90248197654144,3.5424320887841425,TN,TN
cast_ok_0_3803.jpeg,0,0.03614664,1,-3.283355236053467,139.84584045410156,62.66448974609375,170.30477905273438,165.16616821289062,60.0139680588577,2.7844321476343588,TN,TN
cast_ok_0_3842.jpeg,0,0.034062807,1,-3.344892740249634,150.76718139648438,61.897029876708984,89.06737518310547,183.33934020996094,58.38748907966841,3.8033408808219353,TN,TN
cast_ok_0_4117.jpeg,0,0.0040319455,1,-5.509466171264648,141.4367218017578,63.35441970825195,176.77012634277344,166.91207885742188,60.03783099967258,2.4485310694669224,TN,TN
cast_ok_0_4192.jpeg,0,0.26819313,1,-1.0038093328475952,151.43069458007812,61.80384826660156,88.59037780761719,183.0873260498047,58.365678287319916,5.324310283989833,TN,TN
cast_ok_0_4291.jpeg,0,0.018749703,1,-3.9576497077941895,158.28958129882812,66.61554718017578,340.2076721191406,187.32449340820312,66.76773139776421,6.846930695535566,TN,TN
cast_ok_0_4371.jpeg,0,0.05912396,1,-2.7671751976013184,140.9957275390625,60.63334655761719,174.51547241210938,163.1610870361328,57.96618978815232,5.001563146582248,TN,TN
cast_ok_0_4462.jpeg,0,0.13704523,1,-1.8400511741638184,156.65931701660156,62.626060485839844,77.47677612304688,199.7794189453125,56.5035234160085,5.42567952318286,TN,TN
cast_ok_0_4574.jpeg,0,0.025907936,1,-3.6269564628601074,156.49024963378906,62.8133544921875,76.28788757324219,199.3006591796875,56.4697125881584,4.539390386610716,TN,TN
cast_ok_0_4623.jpeg,0,0.4948579,1,-0.0205690860748291,142.29501342773438,63.47541427612305,183.51910400390625,167.92149353027344,59.97948260571445,2.457533444369639,TN,TN
cast_ok_0_4689.jpeg,0,0.095669866,1,-2.246291160583496,150.00753784179688,65.14562225341797,240.09742736816406,156.8900909423828,59.8333626826129,1.3864210358587856,TN,TN
cast_ok_0_4816.jpeg,0,0.04374483,1,-3.084651470184326,146.83389282226562,60.03056335449219,229.2252197265625,172.54891967773438,62.805223585220475,6.029720941454957,TN,TN
cast_ok_0_4891.jpeg,0,0.019301122,1,-3.9281022548675537,151.04391479492188,61.432167053222656,89.31835174560547,184.76199340820312,58.3574971385886,3.9586188690917927,TN,TN
cast_ok_0_4962.jpeg,0,0.34253785,1,-0.6520049571990967,156.8153839111328,62.78252029418945,76.27635192871094,199.0032501220703,56.57671089294781,1.9221727097049672,TN,TN
cast_ok_0_504.jpeg,0,0.12053353,1,-1.9873874187469482,138.828125,59.459510803222656,283.0797424316406,160.9917449951172,58.08687281605183,3.974267543811047,TN,TN
cast_ok_0_5220.jpeg,0,0.007661023,1,-4.863919258117676,154.76739501953125,65.82738494873047,257.0377197265625,164.63482666015625,59.502612245365356,8.180393570487883,TN,TN
cast_ok_0_5307.jpeg,0,0.0022423123,1,-6.098002910614014,146.50645446777344,63.422325134277344,279.6787109375,153.7655792236328,59.91842125980102,0.4181034535291785,TN,TN
cast_ok_0_5364.jpeg,0,0.0036040605,1,-5.62208366394043,153.70225524902344,65.38292694091797,303.8623046875,163.6114959716797,59.54004704758703,9.992297009382924,TN,TN
cast_ok_0_5408.jpeg,0,0.020666488,1,-3.858358860015869,141.5376739501953,58.290584564208984,218.66160583496094,170.7895050048828,62.8786696447123,6.386886306484254,TN,TN
cast_ok_0_5519.jpeg,0,0.34010965,1,-0.6628056764602661,157.7189178466797,63.55269241333008,75.76606750488281,200.3919219970703,56.540128996526086,2.399422685255357,TN,TN
cast_ok_0_5606.jpeg,0,0.011709846,1,-4.435546398162842,150.68748474121094,64.44694519042969,394.807861328125,160.2921600341797,59.67355106525894,5.771387211708765,TN,TN
cast_ok_0_5731.jpeg,0,0.011189215,1,-4.481552600860596,150.94882202148438,65.39542388916016,291.8925476074219,157.6926727294922,59.83070265359508,3.9575627822959527,TN,TN
cast_ok_0_5809.jpeg,0,0.3005468,1,-0.8446954488754272,155.20999145507812,62.13440704345703,127.52164459228516,197.2623291015625,56.610457815658094,2.5950229238141524,TN,TN
cast_ok_0_6011.jpeg,0,0.422151,1,-0.31394946575164795,156.5545196533203,59.27841567993164,138.03692626953125,186.7566680908203,52.51511071964299,10.89367764536748,TN,TN
cast_ok_0_6064.jpeg,0,0.0010928983,1,-6.81782865524292,154.7220458984375,66.11878967285156,306.7478942871094,165.13133239746094,59.548065729185765,9.128212595851002,TN,TN
cast_ok_0_6106.jpeg,0,0.00054208084,1,-7.519553184509277,152.97813415527344,66.45851135253906,245.7257843017578,160.0350799560547,59.8333626826129,1.9547976822393707,TN,TN
cast_ok_0_6134.jpeg,0,0.630664,1,0.5350664854049683,153.8831024169922,60.950279235839844,72.15859985351562,193.18492126464844,57.34509075905924,4.414398648116245,FP,TN
cast_ok_0_6250.jpeg,0,0.21110159,1,-1.318298101425171,156.6945343017578,62.802894592285156,74.72489166259766,199.41883850097656,56.49507260606777,3.7524489020531644,TN,TN
cast_ok_0_6356.jpeg,0,0.44661316,1,-0.21436452865600586,139.02406311035156,59.68864059448242,190.92239379882812,161.6251678466797,57.97442615683786,1.5113794308317776,TN,TN
cast_ok_0_6478.jpeg,0,0.06277093,1,-2.7034356594085693,158.19793701171875,66.47705841064453,343.65924072265625,188.97866821289062,66.74150543144773,8.157434604061887,TN,TN
cast_ok_0_6498.jpeg,0,0.6537462,1,0.6355469822883606,152.60250854492188,60.14374923706055,71.21566772460938,190.8086700439453,57.34509075905924,4.988178012877587,FP,TN
cast_ok_0_6563.jpeg,0,0.089612976,1,-2.3183696269989014,159.25685119628906,63.89862823486328,78.16566467285156,202.37733459472656,56.47253093031513,1.5559070243441804,TN,TN
cast_ok_0_6695.jpeg,0,0.0024179777,1,-6.022402763366699,152.08131408691406,66.30520629882812,241.1180419921875,158.36849975585938,59.8333626826129,0.7667878435694796,TN,TN
cast_ok_0_6753.jpeg,0,0.08154341,1,-2.4215590953826904,153.42218017578125,64.93251037597656,173.72695922851562,184.8385772705078,57.306222138247506,4.486640948704533,TN,TN
cast_ok_0_681.jpeg,0,0.042882293,1,-3.1054673194885254,152.56350708007812,60.82674789428711,79.86199951171875,184.00050354003906,56.24095784220187,3.2763366568755696,TN,TN
cast_ok_0_6965.jpeg,0,0.31112084,1,-0.7948845624923706,143.2938690185547,64.33927154541016,156.24215698242188,168.29058837890625,59.99009562581091,0.7581169062954324,TN,TN
cast_ok_0_7051.jpeg,0,0.12976876,1,-1.9030048847198486,157.55282592773438,63.077613830566406,87.44813537597656,200.43824768066406,56.48380289268893,4.299019236071183,TN,TN
cast_ok_0_709.jpeg,0,0.037338078,1,-3.2496886253356934,152.12832641601562,60.22063446044922,89.07842254638672,183.46682739257812,56.25510544332174,1.5540436795831407,TN,TN
cast_ok_0_716.jpeg,0,0.1355005,1,-1.853175401687622,156.18019104003906,58.86143493652344,157.90792846679688,187.00291442871094,52.53935032892806,14.775147886404682,TN,TN
cast_ok_0_7319.jpeg,0,0.003981606,1,-5.522080421447754,153.21946716308594,64.77063751220703,197.68600463867188,184.44183349609375,57.33398812763688,5.778010899030077,TN,TN
cast_ok_0_7380.jpeg,0,0.27330655,1,-0.977910578250885,157.0279083251953,59.66658020019531,138.10499572753906,187.66024780273438,52.57568878883127,9.393620891388272,TN,TN
cast_ok_0_7547.jpeg,0,0.0016795642,1,-6.387539863586426,153.93145751953125,65.56040954589844,267.8827209472656,164.23866271972656,59.49726249374786,8.291288843523677,TN,TN
cast_ok_0_7587.jpeg,0,0.050634284,1,-2.9311652183532715,152.36643981933594,66.38297271728516,254.28895568847656,158.17250061035156,59.82804250630908,2.4133665361674432,TN,TN
cast_ok_0_7740.jpeg,0,0.30156493,1,-0.8398569226264954,138.4589385986328,59.51054382324219,188.8451385498047,160.3784942626953,57.98540616189026,3.831528438615928,TN,TN
cast_ok_0_7824.jpeg,0,0.500494,1,0.0019760727882385254,156.11700439453125,62.18532943725586,83.96297454833984,198.58250427246094,56.5035234160085,3.766708582553582,FP,TN
cast_ok_0_7933.jpeg,0,0.23812725,1,-1.1629743576049805,154.70513916015625,61.936702728271484,86.37533569335938,196.9735870361328,56.57108444861059,4.1141655603785106,TN,TN
cast_ok_0_8095.jpeg,0,0.11401106,1,-2.0504090785980225,153.68727111816406,65.09217834472656,169.8357391357422,185.19400024414062,57.27010622687703,6.1426154537718345,TN,TN
cast_ok_0_8152.jpeg,0,0.042522337,1,-3.1142728328704834,141.3534698486328,60.87940216064453,174.38609313964844,164.14842224121094,57.93872676970263,3.3863090133650355,TN,TN
cast_ok_0_8351.jpeg,0,0.006923934,1,-4.965823173522949,150.4564971923828,61.292110443115234,96.35108947753906,183.71624755859375,58.39566602657212,2.100326867372404,TN,TN
cast_ok_0_8392.jpeg,0,0.20439741,1,-1.3590335845947266,143.13914489746094,61.28176498413086,175.60186767578125,165.38092041015625,57.903005372552705,6.0913638971639195,TN,TN
cast_ok_0_8538.jpeg,0,0.0651633,1,-2.663475513458252,142.43658447265625,63.85305404663086,150.6828155517578,167.50392150878906,59.998054158884926,0.659598918137179,TN,TN
cast_ok_0_8643.jpeg,0,0.21295641,1,-1.3071961402893066,142.373779296875,61.11652374267578,196.9126434326172,164.73374938964844,57.94422041469386,4.447527506751624,TN,TN
cast_ok_0_8726.jpeg,0,0.043873902,1,-3.0815701484680176,153.18576049804688,66.74102783203125,255.59080505371094,159.65408325195312,59.82006135468414,0.6087730310530602,TN,TN
cast_ok_0_8835.jpeg,0,0.0836274,1,-2.3940517902374268,142.09828186035156,61.243595123291016,176.8514862060547,164.89666748046875,57.92499037775784,2.511130453837213,TN,TN
cast_ok_0_8904.jpeg,0,0.016415337,1,-4.092987537384033,144.10507202148438,61.85286331176758,190.41671752929688,167.00917053222656,57.905753954680975,4.262536208532905,TN,TN
cast_ok_0_8964.jpeg,0,0.34138325,1,-0.6571361422538757,156.9153594970703,59.315670013427734,162.05819702148438,187.32366943359375,52.57568878883127,12.889381058451649,TN,TN
cast_ok_0_9064.jpeg,0,0.046665717,1,-3.016955852508545,157.84423828125,63.220157623291016,86.179443359375,200.06341552734375,56.50634007179729,0.2589560186767996,TN,TN
cast_ok_0_9098.jpeg,0,0.10141176,1,-2.181635856628418,152.67967224121094,60.67230224609375,79.01764678955078,184.2117462158203,56.26642096298628,1.3969279798843384,TN,TN
cast_ok_0_9161.jpeg,0,0.006616502,1,-5.011549949645996,151.50746154785156,64.5186767578125,244.75244140625,161.66725158691406,59.53470065983795,7.81035480836556,TN,TN
cast_ok_0_9219.jpeg,0,0.04963475,1,-2.952155113220215,151.13687133789062,61.8731803894043,88.47019958496094,183.00733947753906,58.3574971385886,6.5772746033048,TN,TN
cast_ok_0_9274.jpeg,0,0.0049337205,1,-5.306715965270996,154.03529357910156,65.81576538085938,252.28175354003906,164.3806610107422,59.478534573799394,9.966879981041957,TN,TN
cast_ok_0_9420.jpeg,0,0.0013878504,1,-6.578610420227051,150.93316650390625,65.3041763305664,283.2322998046875,158.34642028808594,59.8891959999377,1.343005146697255,TN,TN
cast_ok_0_9447.jpeg,0,0.09853736,1,-2.213582754135132,156.97422790527344,62.8232421875,74.70033264160156,199.52915954589844,56.53449891147389,2.8749088198985433,TN,TN
cast_ok_0_9598.jpeg,0,0.3420408,1,-0.6542128324508667,142.65512084960938,61.3381462097168,178.02017211914062,165.66917419433594,57.905753954680975,2.6778607657684583,TN,TN
cast_ok_0_9636.jpeg,0,0.06798557,1,-2.6180527210235596,156.3900909423828,59.41704177856445,143.78684997558594,187.3125,52.55449440739347,13.215872515805684,TN,TN
cast_ok_0_9705.jpeg,0,0.2809686,1,-0.9396620392799377,142.16664123535156,60.829097747802734,351.4669189453125,172.52374267578125,63.90303224301528,4.351276436524833,TN,TN
cast_ok_0_9805.jpeg,0,0.004604158,1,-5.376180648803711,152.2422637939453,64.3331527709961,168.54766845703125,183.85841369628906,57.267327136436144,9.336628916337316,TN,TN
cast_ok_0_9941.jpeg,0,0.055818904,1,-2.8282053470611572,142.28512573242188,61.04527282714844,198.53306579589844,165.55824279785156,57.95795224900154,1.2269735936519686,TN,TN
cast_ok_0_998.jpeg,0,0.045688875,1,-3.039134979248047,141.5835723876953,60.76351547241211,197.29684448242188,165.1406707763672,57.96618978815232,1.26944744559751,TN,TN
cast_def_0_2813.jpeg,1,0.9999994,2,14.426992416381836,127.80146789550781,63.47938537597656,262.8916931152344,130.32925415039062,56.170166386203036,10.266369337084608,TP,TP
cast_def_0_3074.jpeg,1,0.9998399,2,8.739480018615723,139.1400604248047,60.68486785888672,132.89935302734375,158.89125061035156,58.840943500432516,8.116724380264769,TP,TP
cast_def_0_3607.jpeg,1,0.9999826,2,10.961593627929688,135.75267028808594,59.29708480834961,244.66688537597656,141.69175720214844,58.5453743213506,5.003761936765508,TP,TP
cast_def_0_4034.jpeg,1,0.9999871,2,11.25869083404541,138.400390625,56.3735237121582,142.0923309326172,160.22315979003906,59.53737391372493,8.051578075767244,TP,TP
cast_def_0_4848.jpeg,1,0.9999821,2,10.933426856994629,137.9646759033203,56.15513610839844,138.3962860107422,158.84608459472656,59.51865861508815,5.814270272137902,TP,TP
cast_def_0_5042.jpeg,1,0.9959447,2,5.503665924072266,151.29249572753906,61.15104293823242,125.8636474609375,178.5505828857422,59.982136036785036,1.5961071984022372,TP,TP
cast_def_0_5516.jpeg,1,0.9996086,2,7.845253944396973,142.51107788085938,56.756675720214844,103.86640167236328,170.60508728027344,58.17722079811175,8.88980005107556,TP,TP
cast_def_0_5819.jpeg,1,0.99999666,2,12.592647552490234,152.95314025878906,62.803897857666016,97.75897979736328,192.05809020996094,58.16901314388697,9.954390045288136,TP,TP
cast_def_0_6121.jpeg,1,0.99963,2,7.90166711807251,143.70155334472656,61.0303955078125,288.0972595214844,154.02833557128906,56.13615477764333,1.204229736486758,TP,TP
cast_def_0_6383.jpeg,1,0.999998,2,13.117929458618164,133.07579040527344,52.996498107910156,168.5314178466797,150.9058380126953,57.6219612889315,5.233749315482877,TP,TP
cast_def_0_6835.jpeg,1,0.9999877,2,11.309858322143555,133.6528778076172,61.79468536376953,235.83692932128906,146.62583923339844,61.67239925615117,3.1264648925933254,TP,TP
cast_def_0_7160.jpeg,1,1.0,2,17.880935668945312,142.89381408691406,57.272090911865234,291.84100341796875,163.8419189453125,63.28990130926751,12.020415809821692,TP,TP
cast_def_0_7373.jpeg,1,0.99989533,2,9.164785385131836,148.13226318359375,61.1312141418457,105.36978149414062,178.56500244140625,61.01860977350926,13.22452421327193,TP,TP
cast_def_0_7553.jpeg,1,0.9999994,2,14.327170372009277,134.0557861328125,58.07418441772461,148.23275756835938,162.71624755859375,57.306222138247506,2.060472144160384,TP,TP
cast_def_0_8246.jpeg,1,0.9999995,2,14.594741821289062,143.05201721191406,54.584503173828125,232.6893310546875,168.48333740234375,52.198971500722585,16.816858805001708,TP,TP
cast_def_0_8470.jpeg,1,0.99996865,2,10.368782043457031,141.0409393310547,58.6569938659668,273.94866943359375,156.14358520507812,58.46648499548889,2.9930961936540412,TP,TP
cast_def_0_8694.jpeg,1,0.9999994,2,14.29742431640625,137.26072692871094,59.6898307800293,260.8969421386719,147.30099487304688,54.16513842829166,1.4464361014894032,TP,TP
cast_def_0_8853.jpeg,1,0.9992459,2,7.189105987548828,141.31906127929688,58.853763580322266,167.44808959960938,162.7133331298828,58.99491753984886,2.759307567355006,TP,TP
cast_def_0_9542.jpeg,1,0.99999523,2,12.265366554260254,140.6725311279297,68.25759887695312,211.7817840576172,144.60633850097656,57.65233587228832,6.98196287206053,TP,TP
cast_def_0_9792.jpeg,1,0.99999976,2,15.114572525024414,131.53614807128906,57.26515579223633,166.03237915039062,156.1160888671875,58.00461616942799,7.552241462561943,TP,TP
cast_def_0_9848.jpeg,1,0.99999464,2,12.141322135925293,140.56687927246094,59.0335693359375,249.4153289794922,168.1998291015625,56.683507223346574,2.4468059275856446,TP,TP
cast_ok_0_1092.jpeg,0,0.7381411,2,1.0363292694091797,140.8328399658203,60.60926818847656,200.44644165039062,164.0970001220703,57.97442615683786,0.9891075861443586,FP,TN
cast_ok_0_1293.jpeg,0,0.43243513,2,-0.27192261815071106,153.59219360351562,67.03349304199219,252.66270446777344,161.10008239746094,59.81740073416757,3.962684365857358,TN,TN
cast_ok_0_1426.jpeg,0,0.39315686,2,-0.4340617060661316,153.0941619873047,60.398704528808594,71.63542175292969,191.8629150390625,57.347866081057674,3.927334040469376,TN,TN
cast_ok_0_1493.jpeg,0,0.054388575,2,-2.855677604675293,149.82965087890625,59.71604919433594,79.3056640625,181.13525390625,56.26924948735469,4.567949199520096,TN,TN
cast_ok_0_157.jpeg,0,0.03593335,2,-3.289494514465332,152.323974609375,65.85369873046875,293.4768371582031,160.21759033203125,59.85729762430599,1.1726817344329812,TN,TN
cast_ok_0_1686.jpeg,0,0.07690739,2,-2.4851276874542236,142.15707397460938,63.27732467651367,181.41250610351562,168.30441284179688,60.0139680588577,4.457274276423018,TN,TN
cast_ok_0_1690.jpeg,0,0.5402303,2,0.1612696647644043,156.18667602539062,59.0113410949707,137.20260620117188,186.8780059814453,52.52117167075321,14.262917261392012,FP,TN
cast_ok_0_1795.jpeg,0,0.43638223,2,-0.2558578550815582,156.55575561523438,59.327552795410156,138.89332580566406,186.8659210205078,52.55146594083335,10.01699589147606,TN,TN
cast_ok_0_1903.jpeg,0,0.024138313,2,-3.6995205879211426,136.60215759277344,61.79387664794922,329.1920166015625,165.20533752441406,67.18595460341645,4.945032536816068,TN,TN
cast_ok_0_1953.jpeg,0,0.6085225,2,0.44110578298568726,152.08541870117188,62.06707763671875,97.46179962158203,184.9117431640625,58.376584702118905,5.298023511846727,FP,TN
cast_ok_0_2002.jpeg,0,0.070758745,2,-2.575092315673828,154.23988342285156,65.3526382446289,170.33197021484375,186.024169921875,57.29788971768173,4.817481332450352,TN,TN
cast_ok_0_2082.jpeg,0,0.019143043,2,-3.9364871978759766,150.98756408691406,61.44660186767578,89.7762680053711,183.3243408203125,58.33840332985717,4.723641365280175,TN,TN
cast_ok_0_2144.jpeg,0,0.007432118,2,-4.894484519958496,140.45535278320312,55.81520462036133,119.1195297241211,159.00975036621094,65.18770574697045,7.66029295995956,TN,TN
cast_ok_0_2227.jpeg,0,0.50594485,2,0.02378058433532715,152.2642822265625,64.7096939086914,302.075927734375,162.14366149902344,59.598825658941635,6.581371629069951,FP,TN
cast_ok_0_2326.jpeg,0,0.11747166,2,-2.0165936946868896,141.08319091796875,63.06612777709961,169.3347930908203,166.70425415039062,60.03783099967258,2.9503439597407746,TN,TN
cast_ok_0_2439.jpeg,0,0.11923173,2,-1.9997256994247437,141.0218505859375,60.65031051635742,172.1655731201172,162.7235870361328,57.95795224900154,6.32525718217568,TN,TN
cast_ok_0_2534.jpeg,0,0.20474572,2,-1.3568930625915527,152.64393615722656,60.43885040283203,88.74617767333984,184.16033935546875,56.24944682987451,3.552240214814487,TN,TN
cast_ok_0_2685.jpeg,0,0.6618336,2,0.6714760065078735,150.15322875976562,59.564945220947266,77.5703353881836,181.24075317382812,56.289045178200105,3.9296854316954213,FP,TN
cast_ok_0_273.jpeg,0,0.7365899,2,1.0283193588256836,152.65765380859375,66.59239959716797,249.4956817626953,159.81483459472656,59.79344982200255,1.5681392855646095,FP,TN
cast_ok_0_2946.jpeg,0,0.25419888,2,-1.0763421058654785,156.72242736816406,59.23991394042969,140.8349609375,187.2694091796875,52.50904906893663,11.355825227044978,TN,TN
cast_ok_0_2996.jpeg,0,0.118060835,2,-2.010923147201538,141.40634155273438,57.913265228271484,227.62600708007812,158.31883239746094,66.78918134682924,4.175594642427299,TN,TN
cast_ok_0_3114.jpeg,0,0.14028502,2,-1.8129247426986694,153.02749633789062,64.9859619140625,168.1683807373047,184.10032653808594,57.28399965669906,4.929132176436658,TN,TN
cast_ok_0_3238.jpeg,0,0.005947894,2,-5.118752479553223,140.49261474609375,57.55792236328125,228.97288513183594,159.00100708007812,66.80109500906823,4.688259085981767,TN,TN
cast_ok_0_3326.jpeg,0,0.02595637,2,-3.6250391006469727,143.75726318359375,64.15904235839844,155.5831298828125,168.8939208984375,59.97417539138687,6.272221540342731,TN,TN
cast_ok_0_3440.jpeg,0,0.5057053,2,0.022822141647338867,150.58868408203125,65.64213562011719,236.78599548339844,157.73374938964844,59.83070265359508,0.7699357118211319,FP,TN
cast_ok_0_3500.jpeg,0,0.079070784,2,-2.4550397396087646,151.74981689453125,61.757694244384766,88.84091186523438,185.0713348388672,58.368405082074254,3.094911977033873,TN,TN
cast_ok_0_3588.jpeg,0,0.1955324,2,-1.4144545793533325,152.6492156982422,60.409671783447266,86.26524353027344,184.39974975585938,56.25793453660942,3.9914885540282286,TN,TN
cast_ok_0_3659.jpeg,0,0.37728184,2,-0.5011014938354492,141.18746948242188,63.36058807373047,150.44479370117188,166.22474670410156,60.03252894367251,0.14230173815840266,TN,TN
cast_ok_0_3691.jpeg,0,0.03134804,2,-3.430753707885742,141.57498168945312,63.28935623168945,175.6490020751953,166.63607788085938,60.00601163642723,1.822368193481764,TN,TN
cast_ok_0_376.jpeg,0,0.2304849,2,-1.2055752277374268,152.8173065185547,64.44398498535156,194.36639404296875,184.02891540527344,57.31455334744152,7.041185618988717,TN,TN
cast_ok_0_3889.jpeg,0,0.15053362,2,-1.730422019958496,150.85142517089844,59.65958786010742,86.58628845214844,182.31591796875,56.28338997698242,3.1204803601475994,TN,TN
cast_ok_0_4140.jpeg,0,0.6087307,2,0.4419797658920288,139.3055877685547,57.090980529785156,230.22169494628906,155.808837890625,66.82967913318728,6.921948940482847,FP,TN
cast_ok_0_4238.jpeg,0,0.50097835,2,0.003913283348083496,155.425537109375,66.1902084350586,257.58905029296875,165.4951629638672,59.49191226105922,8.047642957093887,FP,TN
cast_ok_0_4293.jpeg,0,0.2244535,2,-1.2398993968963623,152.77780151367188,60.80977249145508,88.69538116455078,184.07875061035156,56.25793453660942,1.6351137345085258,TN,TN
cast_ok_0_4405.jpeg,0,0.100958705,2,-2.186617374420166,144.47979736328125,62.11214065551758,180.78643798828125,167.7225799560547,57.8810120167607,3.2690645374126555,TN,TN
cast_ok_0_4528.jpeg,0,0.3846822,2,-0.46972134709358215,151.05296325683594,61.547142028808594,97.14248657226562,184.86683654785156,58.40656684168044,2.377530041290421,TN,TN
cast_ok_0_4607.jpeg,0,0.739878,2,1.0453346967697144,142.17576599121094,63.38856887817383,178.59469604492188,167.4010772705078,60.01131603525628,4.878662088735601,FP,TN
cast_ok_0_4634.jpeg,0,0.031473707,2,-3.4266231060028076,153.72410583496094,65.11448669433594,172.20657348632812,184.98350524902344,57.289556085215615,5.064417177176989,TN,TN
cast_ok_0_4711.jpeg,0,0.40019095,2,-0.40466955304145813,152.21263122558594,64.25470733642578,200.5601806640625,183.5873260498047,57.29788971768173,6.6947853792085175,TN,TN
cast_ok_0_4862.jpeg,0,0.81649065,2,1.4927501678466797,141.81431579589844,63.3109245300293,175.98275756835938,167.71116638183594,59.99274858747614,4.155649784699533,FP,FP
cast_ok_0_4905.jpeg,0,0.0028466606,2,-5.858757972717285,152.1761932373047,60.50510787963867,86.07864379882812,183.22149658203125,56.31166030373215,2.5647064124381025,TN,TN
cast_ok_0_4974.jpeg,0,0.5445776,2,0.17878514528274536,154.5325927734375,66.04224395751953,255.30148315429688,164.89141845703125,59.48121035194924,12.380569212972725,FP,TN
cast_ok_0_5056.jpeg,0,0.023453657,2,-3.7289958000183105,151.52536010742188,61.46940612792969,98.50235748291016,185.30792236328125,58.3574971385886,3.8825470283242685,TN,TN
cast_ok_0_5223.jpeg,0,0.14457262,2,-1.7778191566467285,154.7385711669922,65.18755340576172,176.33546447753906,186.721923828125,57.236748235758235,5.780488216302274,TN,TN
cast_ok_0_5314.jpeg,0,0.9317103,2,2.613262176513672,151.7209930419922,64.6512222290039,248.91647338867188,162.08108520507812,59.53737391372493,10.117567808299993,FP,FP
cast_ok_0_5407.jpeg,0,0.51040953,2,0.04164409637451172,152.89295959472656,64.6875,193.857421875,184.30299377441406,57.322883345791944,8.302315760677061,FP,TN
cast_ok_0_551.jpeg,0,0.13505614,2,-1.8569741249084473,153.43173217773438,64.68168640136719,169.82931518554688,184.9635772705078,57.25898905580716,4.241123569956368,TN,TN
cast_ok_0_5590.jpeg,0,0.058585647,2,-2.7768936157226562,136.99913024902344,59.13311767578125,231.2494659423828,158.96759033203125,58.07865239388419,2.6689137593751093,TN,TN
cast_ok_0_5722.jpeg,0,0.064747654,2,-2.670318841934204,157.261474609375,62.61113357543945,87.1890869140625,199.93124389648438,56.47253093031513,3.9517196000340546,TN,TN
cast_ok_0_5790.jpeg,0,0.1818028,2,-1.504180908203125,141.84033203125,60.909828186035156,204.44595336914062,164.82025146484375,57.99089538480803,2.7723080214709372,TN,TN
cast_ok_0_5791.jpeg,0,0.6683594,2,0.7007741928100586,150.81861877441406,65.66018676757812,291.476806640625,157.2030792236328,59.90513881826881,1.5204140273670006,FP,TN
cast_ok_0_6014.jpeg,0,0.34170994,2,-0.6556834578514099,142.8773193359375,61.361968994140625,205.1213836669922,165.22116088867188,57.93597975186122,3.337639444875108,TN,TN
cast_ok_0_6080.jpeg,0,0.019134266,2,-3.9369547367095947,150.50009155273438,61.578392028808594,99.06371307373047,183.23182678222656,58.39294050483128,2.6621856330732374,TN,TN
cast_ok_0_6115.jpeg,0,0.1688297,2,-1.5939443111419678,142.21884155273438,61.0091552734375,200.15093994140625,165.71591186523438,57.92773791673141,1.9909685054239827,TN,TN
cast_ok_0_6234.jpeg,0,0.17639735,2,-1.5409491062164307,140.63516235351562,60.447288513183594,193.15997314453125,162.822998046875,57.96893537440789,3.8531523531437055,TN,TN
cast_ok_0_6344.jpeg,0,0.6192253,2,0.4862614870071411,153.8645477294922,65.61133575439453,304.84912109375,163.82400512695312,59.52668017786611,11.236794909032257,FP,TN
cast_ok_0_6386.jpeg,0,0.18617985,2,-1.4750263690948486,152.7926788330078,64.48603057861328,167.17442321777344,184.6285858154297,57.29788971768173,9.761181768869534,TN,TN
cast_ok_0_6522.jpeg,0,0.028935215,2,-3.513333797454834,138.92282104492188,59.586727142333984,339.02294921875,169.81658935546875,63.94784678003755,6.344581597364294,TN,TN
cast_ok_0_6580.jpeg,0,0.035242755,2,-3.3096165657043457,157.56588745117188,62.893253326416016,78.7611083984375,200.9116668701172,56.46689410533424,4.879672274395992,TN,TN
cast_ok_0_6712.jpeg,0,0.03646678,2,-3.274205207824707,152.58230590820312,66.38513946533203,246.98484802246094,157.90432739257812,59.82006135468414,2.5280332492871755,TN,TN
cast_ok_0_6730.jpeg,0,0.032582767,2,-3.3908462524414062,157.1172332763672,59.416229248046875,136.37738037109375,187.9842529296875,52.5302617862055,12.69821051393653,TN,TN
cast_ok_0_6931.jpeg,0,0.008132694,2,-4.803697109222412,158.39352416992188,63.78095245361328,77.0816650390625,201.0399932861328,56.47253093031513,1.9026450890580524,TN,TN
cast_ok_0_6994.jpeg,0,0.47714838,2,-0.09147012233734131,151.71810913085938,65.97459411621094,290.928466796875,158.67457580566406,59.89185343103966,0.6087884505067146,TN,TN
cast_ok_0_7044.jpeg,0,0.12732707,2,-1.9248018264770508,155.8506317138672,62.25981140136719,132.499267578125,198.01133728027344,56.56264373270825,3.1695803755047356,TN,TN
cast_ok_0_7066.jpeg,0,0.0054452987,2,-5.207542419433594,153.9884490966797,61.19698715209961,89.95873260498047,185.4875030517578,56.24095784220187,1.1288859807534188,TN,TN
cast_ok_0_7129.jpeg,0,0.16629137,2,-1.612142562866211,156.68234252929688,62.80418395996094,77.76424407958984,199.2132568359375,56.52042124525014,3.0527842243504026,TN,TN
cast_ok_0_7260.jpeg,0,0.35353124,2,-0.6035529971122742,151.90223693847656,60.43198776245117,77.59217834472656,183.319580078125,56.24661730967202,1.5889597710214753,TN,TN
cast_ok_0_7324.jpeg,0,0.5895118,2,0.361947625875473,155.333251953125,66.48858642578125,254.81329345703125,165.54391479492188,59.478534573799394,10.802875324018984,FP,TN
cast_ok_0_7424.jpeg,0,0.11211936,2,-2.0692732334136963,151.42877197265625,61.56609344482422,96.72862243652344,184.80233764648438,58.38748907966841,2.135383538341001,TN,TN
cast_ok_0_7531.jpeg,0,0.2999257,2,-0.8476516604423523,140.09796142578125,59.99542236328125,347.26629638671875,170.8976593017578,63.89805090986331,2.9279861621820378,TN,TN
cast_ok_0_7597.jpeg,0,0.95548534,2,3.0664000511169434,154.18727111816406,65.75606536865234,309.3104553222656,164.12991333007812,59.55073838311001,9.320850466567972,FP,FP
cast_ok_0_7667.jpeg,0,0.3637152,2,-0.5592750310897827,157.47698974609375,59.851280212402344,141.5609130859375,188.49742126464844,52.53329147515378,12.540271925742177,TN,TN
cast_ok_0_778.jpeg,0,0.0118792085,2,-4.42101526260376,157.1572265625,66.28114318847656,573.0784912109375,187.7832489013672,66.88681073510067,6.9391637817293,TN,TN
cast_ok_0_7854.jpeg,0,0.61839706,2,0.48275017738342285,152.09878540039062,65.0186767578125,293.093505859375,162.13816833496094,59.55875562528286,10.254415799877934,FP,TN
cast_ok_0_7982.jpeg,0,0.05457202,2,-2.852116346359253,156.5731964111328,63.10612487792969,77.38371276855469,198.8314971923828,56.49507260606777,1.93005168626686,TN,TN
cast_ok_0_8124.jpeg,0,0.8493852,2,1.7297873497009277,152.25282287597656,64.80525207519531,252.88839721679688,162.91766357421875,59.50528694081298,11.303916056900473,FP,FP
cast_ok_0_8221.jpeg,0,0.051511876,2,-2.9130568504333496,157.22059631347656,59.520660400390625,142.30946350097656,188.3665008544922,52.55752269944747,14.74005438590241,TN,TN
cast_ok_0_827.jpeg,0,0.23162328,2,-1.1991678476333618,151.05953979492188,61.30057144165039,97.88020324707031,184.79966735839844,58.35204240219882,1.9158643488173495,TN,TN
cast_ok_0_8505.jpeg,0,0.06024474,2,-2.747204303741455,141.6855926513672,63.63843536376953,156.90988159179688,166.7604217529297,60.024574981538414,0.6665217932949461,TN,TN
cast_ok_0_8545.jpeg,0,0.09518642,2,-2.251891613006592,152.72222900390625,64.59197998046875,172.36048889160156,184.4113311767578,57.292334097392555,7.9225887706682565,TN,TN
cast_ok_0_8687.jpeg,0,0.053540412,2,-2.8722915649414062,157.0967254638672,62.7103157043457,75.5910873413086,199.77316284179688,56.4640754818216,3.9032557231870877,TN,TN
cast_ok_0_8740.jpeg,0,0.31439835,2,-0.779636025428772,157.10617065429688,59.4379997253418,140.8448944091797,187.7740020751953,52.55146594083335,13.221123578820478,TN,TN
cast_ok_0_8808.jpeg,0,0.105092525,2,-2.141879081726074,156.83042907714844,59.49411392211914,137.3706512451172,187.49790954589844,52.56660652887427,10.160979977084736,TN,TN
cast_ok_0_8924.jpeg,0,0.5541819,2,0.2175818681716919,148.552734375,64.52781677246094,277.8201904296875,155.21499633789062,59.92107739479622,1.618588764204414,FP,TN
cast_ok_0_8966.jpeg,0,0.4713749,2,-0.11462557315826416,156.19186401367188,59.169368743896484,159.50787353515625,186.659423828125,52.60292616001217,12.837522955917146,TN,TN
cast_ok_0_9085.jpeg,0,0.011677414,2,-4.438352584838867,152.2450408935547,62.080223083496094,90.03186798095703,184.99966430664062,58.38476317621075,3.950756911320444,TN,TN
cast_ok_0_9129.jpeg,0,0.13367273,2,-1.8688682317733765,159.2738494873047,66.99979400634766,347.435546875,191.4199981689453,66.77011506572512,8.48221310109461,TN,TN
cast_ok_0_9165.jpeg,0,0.15459807,2,-1.6989835500717163,153.10841369628906,64.94457244873047,205.87806701660156,184.5138397216797,57.306222138247506,3.5392414149169173,TN,TN
cast_ok_0_9250.jpeg,0,0.13391617,2,-1.8667676448822021,153.22352600097656,64.88595581054688,171.6981964111328,185.177001953125,57.322883345791944,8.103854360943284,TN,TN
cast_ok_0_937.jpeg,0,0.6757322,2,0.7342272400856018,139.61935424804688,60.154598236083984,173.8138427734375,162.66650390625,57.949713538886385,0.9884259339541603,FP,TN
cast_ok_0_9434.jpeg,0,0.19893906,2,-1.392938494682312,156.15567016601562,59.27973937988281,152.90924072265625,186.4570770263672,52.59082240325737,13.013777872523901,TN,TN
cast_ok_0_9491.jpeg,0,0.15643424,2,-1.685002088546753,151.56851196289062,66.10902404785156,240.05055236816406,158.3832550048828,59.78812609409973,2.308743936821263,TN,TN
cast_ok_0_9623.jpeg,0,0.024324423,2,-3.6916491985321045,152.18118286132812,64.34184265136719,163.5297393798828,183.3711700439453,57.27288518246626,6.260849844413157,TN,TN
cast_ok_0_9670.jpeg,0,0.1348006,2,-1.8591632843017578,149.81680297851562,59.73215103149414,75.7037124633789,181.17442321777344,56.30318069615936,4.591719383566467,TN,TN
cast_ok_0_973.jpeg,0,0.8789962,2,1.9829589128494263,142.01734924316406,63.80342483520508,155.43023681640625,167.89283752441406,60.0139680588577,4.106355150945809,FP,FP
cast_ok_0_9878.jpeg,0,0.67736894,2,0.7417066097259521,153.91903686523438,65.43041229248047,253.61351013183594,163.71749877929688,59.48923696427266,8.604173701400377,FP,TN
cast_ok_0_9915.jpeg,0,0.01628642,2,-4.101003170013428,150.7546844482422,61.562191009521484,89.44692993164062,183.423583984375,58.38476317621075,5.593581522266142,TN,TN
cast_ok_0_9955.jpeg,0,0.7524304,2,1.111616849899292,156.39996337890625,59.38313293457031,255.73329162597656,186.9251708984375,52.693615715579874,12.086434308495926,FP,TN
cast_def_0_2827.jpeg,1,0.99890196,3,6.8131489753723145,140.18869018554688,55.80280685424805,225.8516387939453,162.59490966796875,57.39779892994359,2.8914724088391384,TP,TP
cast_def_0_3133.jpeg,1,0.99994016,3,9.722965240478516,141.70762634277344,64.91619873046875,180.04486083984375,168.402587890625,55.70354360828036,6.975814746268744,TP,TP
cast_def_0_3541.jpeg,1,0.9999732,3,10.524312973022461,152.281005859375,62.54798889160156,93.45500183105469,190.59866333007812,58.152594360153806,9.55182191504129,TP,TP
cast_def_0_3690.jpeg,1,0.9998852,3,9.072151184082031,136.40689086914062,55.57231521606445,139.46104431152344,157.95108032226562,59.564099853892955,8.245335030786707,TP,TP
cast_def_0_4127.jpeg,1,0.99166566,3,4.7790021896362305,132.88661193847656,54.08063888549805,173.06130981445312,140.80450439453125,53.911850002983506,1.961957572028148,TP,TP
cast_def_0_4546.jpeg,1,0.995619,3,5.426093101501465,133.78472900390625,56.62137222290039,196.55564880371094,147.24658203125,59.74019119397477,4.225674458631456,TP,TP
cast_def_0_4889.jpeg,1,0.99999976,3,15.087664604187012,138.41357421875,56.306297302246094,262.5399475097656,164.06358337402344,54.717664327388235,7.266003612659946,TP,TP
cast_def_0_5185.jpeg,1,0.9999981,3,13.145732879638672,151.14768981933594,61.01449966430664,149.78799438476562,177.3157501220703,54.84839773706253,8.409786171024175,TP,TP
cast_def_0_5533.jpeg,1,0.9999654,3,10.27304744720459,139.69508361816406,56.712886810302734,285.1288146972656,160.89491271972656,62.71646724404287,8.381675627419764,TP,TP
cast_def_0_5833.jpeg,1,0.9999943,3,12.079825401306152,136.6017608642578,62.84568405151367,182.54437255859375,141.99282836914062,55.02511824049283,5.056742464633149,TP,TP
cast_def_0_5997.jpeg,1,0.99999774,3,13.002802848815918,132.05694580078125,62.591129302978516,268.17047119140625,137.31216430664062,55.35674551751894,11.402239726594148,TP,TP
cast_def_0_6493.jpeg,1,0.9955596,3,5.41254997253418,151.00595092773438,60.64333724975586,182.79734802246094,179.29591369628906,63.6684882854193,3.1282092518229327,TP,TP
cast_def_0_6902.jpeg,1,0.9976794,3,6.063584327697754,147.2098388671875,60.541839599609375,71.50140380859375,174.7481689453125,59.17539233421171,8.489592564095052,TP,TP
cast_def_0_6963.jpeg,1,0.9999354,3,9.6463041305542,138.6209716796875,55.59480667114258,275.6390686035156,158.54541015625,63.34017528757319,7.068795337251975,TP,TP
cast_def_0_7288.jpeg,1,0.99999964,3,14.715521812438965,129.07249450683594,64.1439437866211,223.4513397216797,131.5104217529297,56.13898986538421,8.949992576588771,TP,TP
cast_def_0_7481.jpeg,1,0.9999994,3,14.301875114440918,132.48887634277344,57.61309051513672,260.5312805175781,159.5435028076172,58.05672557766378,5.2859907506782635,TP,TP
cast_def_0_8121.jpeg,1,0.97750276,3,3.771605968475342,135.19363403320312,55.46163558959961,223.2283172607422,148.74716186523438,58.580704015464406,2.023566081651481,TP,TP
cast_def_0_8615.jpeg,1,0.9999404,3,9.72746467590332,153.10641479492188,63.022029876708984,81.28355407714844,191.7064208984375,58.14438322966407,10.929559634580679,TP,TP
cast_def_0_8824.jpeg,1,0.9990901,3,7.00129508972168,139.02235412597656,55.36617660522461,218.6126251220703,160.8784942626953,57.45876903918389,3.8345099422882565,TP,TP
cast_def_0_9229.jpeg,1,0.9999939,3,12.014196395874023,136.35784912109375,61.25693130493164,251.19525146484375,150.02725219726562,55.72639634508104,5.231624045322556,TP,TP
cast_def_0_9697.jpeg,1,0.9996513,3,7.961021423339844,130.5494842529297,53.45991516113281,199.0308837890625,152.3868408203125,63.69847815438592,4.450651585429352,TP,TP
cast_def_0_9816.jpeg,1,0.9999318,3,9.593782424926758,139.60684204101562,55.94688034057617,138.4718017578125,165.10733032226562,57.522441419679886,3.2058029616206616,TP,TP
cast_def_0_9880.jpeg,1,0.9999716,3,10.470109939575195,137.1310272216797,55.95536422729492,142.41171264648438,158.0244140625,59.56677178839487,7.174397630562518,TP,TP
cast_ok_0_1160.jpeg,0,0.08173542,3,-2.4189982414245605,152.9144744873047,60.60948181152344,89.49688720703125,184.79916381835938,56.1984936694532,3.9400479419204872,TN,TN
cast_ok_0_1307.jpeg,0,0.006377884,3,-5.048520565032959,135.4429168701172,61.27708053588867,334.8188781738281,162.6697540283203,67.21200714694032,4.411228874101812,TN,TN
cast_ok_0_1468.jpeg,0,0.0015007198,3,-6.500308513641357,152.14561462402344,66.26268005371094,243.08642578125,158.5274200439453,59.83868238590704,0.6471827561398296,TN,TN
cast_ok_0_1602.jpeg,0,0.0025849384,3,-5.955465316772461,154.5814971923828,67.27946472167969,256.119384765625,162.4755859375,59.748183014642485,1.3977976118775732,TN,TN
cast_ok_0_1688.jpeg,0,0.018087426,3,-3.9942853450775146,136.56480407714844,61.855712890625,338.4561767578125,165.99533081054688,67.18358568940893,2.4271494578662067,TN,TN
cast_ok_0_1742.jpeg,0,0.028155608,3,-3.5414490699768066,153.47152709960938,66.58586883544922,244.7578887939453,160.35899353027344,59.8333626826129,3.47507442582574,TN,TN
cast_ok_0_1859.jpeg,0,0.44417042,3,-0.22425347566604614,152.11614990234375,59.883182525634766,69.63155364990234,189.7650909423828,57.383933052478326,6.141655614682436,TN,TN
cast_ok_0_1933.jpeg,0,0.014363374,3,-4.228606224060059,153.05421447753906,65.4360580444336,245.7740020751953,162.9722442626953,59.50796151604146,7.079293772769398,TN,TN
cast_ok_0_1962.jpeg,0,0.05149126,3,-2.9134788513183594,153.25746154785156,66.72384643554688,245.9931182861328,159.21116638183594,59.822721856869386,1.987053383311496,TN,TN
cast_ok_0_2012.jpeg,0,0.005092363,3,-5.274908065795898,151.3781280517578,61.57085037231445,96.78522491455078,183.4040069580078,58.365678287319916,4.466211839177725,TN,TN
cast_ok_0_2095.jpeg,0,0.004625971,3,-5.371432304382324,152.43385314941406,60.5328369140625,83.86286926269531,183.34274291992188,56.24944682987451,2.450662600043624,TN,TN
cast_ok_0_2134.jpeg,0,0.0021842583,3,-6.124292373657227,152.147705078125,60.32965850830078,77.4891357421875,183.15841674804688,56.229637198399146,4.300471349540871,TN,TN
cast_ok_0_2194.jpeg,0,0.06720944,3,-2.6303670406341553,152.65858459472656,66.36222839355469,244.08546447753906,160.3021697998047,59.812079138077316,2.469016883748088,TN,TN
cast_ok_0_2238.jpeg,0,0.0019039025,3,-6.261943817138672,142.22958374023438,63.29009246826172,177.9080047607422,168.36575317382812,59.968867707373526,2.2673373066538494,TN,TN
cast_ok_0_2392.jpeg,0,0.004619516,3,-5.372835159301758,153.69520568847656,65.06151580810547,167.08078002929688,185.8441619873047,57.289556085215615,8.736246831116455,TN,TN
cast_ok_0_2477.jpeg,0,0.22784252,3,-1.220533847808838,150.14427185058594,59.41823959350586,89.76566314697266,189.19741821289062,57.43383454482752,2.701367171055166,TN,TN
cast_ok_0_262.jpeg,0,0.0015191966,3,-6.488053321838379,152.09039306640625,64.18692779541016,166.73382568359375,183.47857666015625,57.26454791112396,8.637212383852203,TN,TN
cast_ok_0_2708.jpeg,0,0.005373588,3,-5.220871448516846,157.1300048828125,59.64702606201172,135.74771118164062,188.16416931152344,52.50601798115918,13.571280969763865,TN,TN
cast_ok_0_2865.jpeg,0,0.002714055,3,-5.9065937995910645,154.09844970703125,65.3132553100586,172.9467315673828,185.98599243164062,57.31455334744152,4.473255398347237,TN,TN
cast_ok_0_3027.jpeg,0,0.0020667976,3,-6.179686069488525,157.1700439453125,63.19765853881836,75.28993225097656,199.7623291015625,56.52323705898935,1.9090541383002828,TN,TN
cast_ok_0_3170.jpeg,0,0.04330989,3,-3.0950984954833984,153.89865112304688,65.4033432006836,256.01708984375,164.1055908203125,59.486561547169636,7.316831115732532,TN,TN
cast_ok_0_3278.jpeg,0,0.09862376,3,-2.2126104831695557,152.61061096191406,60.37099075317383,71.5628890991211,191.6425018310547,57.347866081057674,4.842439929610385,TN,TN
cast_ok_0_3381.jpeg,0,0.019558974,3,-3.9145681858062744,152.99533081054688,65.32726287841797,304.2587890625,162.9010772705078,59.53202728590994,7.417254571709829,TN,TN
cast_ok_0_3449.jpeg,0,0.008858484,3,-4.71748161315918,141.73878479003906,63.60072326660156,154.6833038330078,167.6648406982422,59.99274858747614,3.192898719207764,TN,TN
cast_ok_0_3457.jpeg,0,0.00062439113,3,-7.378108978271484,156.3521728515625,59.21937561035156,138.03390502929688,187.3090057373047,52.50601798115918,14.781425465878044,TN,TN
cast_ok_0_3616.jpeg,0,0.013686387,3,-4.2775726318359375,151.4620819091797,60.35194778442383,79.36215209960938,182.72474670410156,56.260763487635096,2.0757837627633258,TN,TN
cast_ok_0_3642.jpeg,0,0.014352241,3,-4.229393005371094,128.41824340820312,60.11131286621094,290.53009033203125,157.69732666015625,68.16895208522102,3.6019618763546664,TN,TN
cast_ok_0_3727.jpeg,0,0.0029133689,3,-5.835527420043945,152.99098205566406,64.93720245361328,167.56008911132812,184.97933959960938,57.30344479934853,8.204830371221023,TN,TN
cast_ok_0_3812.jpeg,0,0.0022839296,3,-6.07957124710083,156.7820281982422,59.34685134887695,137.66293334960938,187.0106658935547,52.499955280604226,11.145319863575297,TN,TN
cast_ok_0_3938.jpeg,0,0.0029463416,3,-5.824240207672119,141.4853057861328,63.18396759033203,153.0043487548828,167.10916137695312,60.01131603525628,1.64852338168907,TN,TN
cast_ok_0_4149.jpeg,0,0.010093631,3,-4.585705757141113,152.94332885742188,65.17079162597656,250.26722717285156,162.8349151611328,59.52935379192472,9.243489820138908,TN,TN
cast_ok_0_4252.jpeg,0,0.1130423,3,-2.060035228729248,152.85830688476562,60.316139221191406,70.99951171875,193.00100708007812,57.34509075905924,1.1412037325744295,TN,TN
cast_ok_0_4320.jpeg,0,0.12614848,3,-1.9354509115219116,152.56967163085938,60.5755500793457,77.90682220458984,182.989501953125,56.24944682987451,1.9353089713599203,TN,TN
cast_ok_0_4349.jpeg,0,0.0002562621,3,-8.26905345916748,152.1936798095703,64.5605697631836,291.4817810058594,183.81675720214844,57.42274907193043,6.440320955128916,TN,TN
cast_ok_0_450.jpeg,0,0.04345845,3,-3.0915188789367676,152.51422119140625,64.6559829711914,163.3863067626953,183.99342346191406,57.306222138247506,6.500919634307708,TN,TN
cast_ok_0_4584.jpeg,0,0.0005972121,3,-7.422640800476074,156.55059814453125,59.42438507080078,156.59300231933594,186.7829132080078,52.57871586018645,10.822568440685725,TN,TN
cast_ok_0_4632.jpeg,0,0.0012191464,3,-6.7083845138549805,155.80517578125,58.79464340209961,137.84329223632812,186.437744140625,52.58174275727656,14.426972179138826,TN,TN
cast_ok_0_4727.jpeg,0,0.024163159,3,-3.6984663009643555,140.4230499267578,60.31163024902344,194.1891326904297,162.74465942382812,57.97168083063024,5.189730482862562,TN,TN
cast_ok_0_4868.jpeg,0,0.0059304764,3,-5.121702671051025,149.31256103515625,64.43739318847656,277.6815490722656,156.76583862304688,59.9077955421683,1.6605725116255625,TN,TN
cast_ok_0_4908.jpeg,0,0.021510284,3,-3.817479133605957,138.182373046875,51.89643859863281,160.51065063476562,160.8554229736328,62.17102981236334,8.509713595884396,TN,TN
cast_ok_0_4994.jpeg,0,0.9775359,3,3.773115873336792,151.9622344970703,60.08763885498047,72.73588562011719,191.62025451660156,57.411661458567394,2.60377060981906,FP,FP
cast_ok_0_5160.jpeg,0,0.10810594,3,-2.1102356910705566,153.4177703857422,60.2310905456543,80.97721862792969,192.56642150878906,57.356191241307826,4.18284190735934,TN,TN
cast_ok_0_5228.jpeg,0,0.0038699354,3,-5.550640106201172,151.35853576660156,60.35567092895508,78.19633483886719,182.62940979003906,56.277734207488464,2.0426148677842977,TN,TN
cast_ok_0_5237.jpeg,0,0.013574312,3,-4.2859086990356445,141.25088500976562,60.54093933105469,352.2200012207031,173.9927520751953,63.925443438645814,2.768371482579059,TN,TN
cast_ok_0_532.jpeg,0,0.005257176,3,-5.242890357971191,153.52586364746094,66.64094543457031,246.5326690673828,160.8544158935547,59.77747721591498,2.423683349018868,TN,TN
cast_ok_0_5427.jpeg,0,0.002048311,3,-6.188689231872559,140.76742553710938,63.065792083740234,151.19610595703125,165.6802520751953,59.99009562581091,0.957997913558916,TN,TN
cast_ok_0_5531.jpeg,0,0.16559,3,-1.6172101497650146,152.64112854003906,60.41461944580078,78.38551330566406,192.10000610351562,57.33121213382657,2.9130147177992947,TN,TN
cast_ok_0_5609.jpeg,0,0.00029629873,3,-8.123846054077148,156.9437255859375,59.39253616333008,141.87347412109375,187.90167236328125,52.560550817025494,12.085541158959828,TN,TN
cast_ok_0_576.jpeg,0,0.027683826,3,-3.5588326454162598,152.3687286376953,60.27756881713867,70.75369262695312,190.7244110107422,57.381159474910675,5.454643155628815,TN,TN
cast_ok_0_5853.jpeg,0,0.00058983784,3,-7.435072898864746,148.45675659179688,59.08598709106445,74.88240051269531,178.92257690429688,56.32861568936366,1.1708266468121122,TN,TN
cast_ok_0_5931.jpeg,0,0.016040914,3,-4.11644172668457,153.3013153076172,66.54592895507812,241.88809204101562,159.7965850830078,59.782801892112765,1.2996012285684992,TN,TN
cast_ok_0_5997.jpeg,0,0.058891993,3,-2.771352767944336,142.6085968017578,61.25791931152344,179.17189025878906,166.04066467285156,57.919494908803976,3.6975512952078717,TN,TN
cast_ok_0_6027.jpeg,0,0.058130644,3,-2.7851736545562744,144.35650634765625,62.225738525390625,185.9801483154297,168.13583374023438,57.8920097390748,0.5677957112328457,TN,TN
cast_ok_0_6083.jpeg,0,0.0049040765,3,-5.312772274017334,143.0042266845703,61.204872131347656,204.1290283203125,165.5521697998047,57.905753954680975,4.264342883069835,TN,TN
cast_ok_0_6156.jpeg,0,0.012723547,3,-4.351495742797852,150.59878540039062,61.59810256958008,88.55137634277344,184.21449279785156,58.360224315594955,1.842160902577755,TN,TN
cast_ok_0_6254.jpeg,0,0.01241834,3,-4.376084804534912,155.64566040039062,66.42800903320312,311.5328063964844,165.57550048828125,59.54004704758703,8.413124468958497,TN,TN
cast_ok_0_6392.jpeg,0,0.061988845,3,-2.7168073654174805,151.98641967773438,60.197967529296875,70.92015838623047,190.7344970703125,57.347866081057674,3.8583182141524297,TN,TN
cast_ok_0_6547.jpeg,0,0.0034158407,3,-5.675909996032715,156.31613159179688,62.753509521484375,78.58966827392578,198.85499572753906,56.531683658681686,1.6700133146533744,TN,TN
cast_ok_0_660.jpeg,0,0.018360874,3,-3.979001760482788,152.8230743408203,66.5613021850586,248.64169311523438,159.11183166503906,59.84400161631764,4.857960742141341,TN,TN
cast_ok_0_6714.jpeg,0,0.35638615,3,-0.5910840630531311,153.24386596679688,60.56574249267578,71.39269256591797,193.10667419433594,57.336763987045785,4.716028782569466,TN,TN
cast_ok_0_6789.jpeg,0,0.0045086117,3,-5.397247314453125,139.94544982910156,60.17710494995117,175.2605743408203,162.7729949951172,57.9469670418807,1.759282003973422,TN,TN
cast_ok_0_6898.jpeg,0,0.005419253,3,-5.212363243103027,143.50582885742188,61.453800201416016,182.38638305664062,166.70083618164062,57.87276235351001,3.33216332345262,TN,TN
cast_ok_0_6997.jpeg,0,0.014072318,3,-4.249373435974121,123.8406982421875,57.793365478515625,272.8804016113281,148.5367431640625,68.18529311809436,2.698886809577996,TN,TN
cast_ok_0_7054.jpeg,0,0.030078504,3,-3.4734044075012207,153.17514038085938,60.84587478637695,80.39864349365234,184.8909149169922,56.223976021722486,2.68861154350507,TN,TN
cast_ok_0_7095.jpeg,0,0.0018396754,3,-6.296324729919434,151.0755615234375,61.73384475708008,90.89906311035156,183.1649169921875,58.41746562267504,5.487414345759171,TN,TN
cast_ok_0_7233.jpeg,0,0.002849995,3,-5.857583999633789,129.58026123046875,60.63821029663086,294.8388977050781,159.12533569335938,68.13859405562145,3.876549113757175,TN,TN
cast_ok_0_7330.jpeg,0,0.0035695033,3,-5.631752967834473,153.407470703125,64.65470886230469,164.70428466796875,184.54150390625,57.275664003223454,4.610919468005341,TN,TN
cast_ok_0_740.jpeg,0,0.0042364467,3,-5.459784984588623,142.47422790527344,63.909385681152344,155.30038452148438,167.687744140625,59.98478935048093,0.6135515616882563,TN,TN
cast_ok_0_7565.jpeg,0,0.0055418015,3,-5.189878463745117,142.59864807128906,61.20143127441406,195.4390869140625,164.91700744628906,57.93872676970263,5.148054178925302,TN,TN
cast_ok_0_7609.jpeg,0,0.0116273975,3,-4.442695617675781,142.5500030517578,61.178306579589844,368.9259033203125,177.15432739257812,63.95780130170122,2.094978668947138,TN,TN
cast_ok_0_7806.jpeg,0,0.07068573,3,-2.5762033462524414,153.0590057373047,64.57434844970703,169.2056884765625,184.51341247558594,57.30344479934853,7.440977231738085,TN,TN
cast_ok_0_7903.jpeg,0,0.0064105117,3,-5.043385028839111,140.04110717773438,62.3471794128418,173.55638122558594,166.5138397216797,60.053734359008416,5.491399247988116,TN,TN
cast_ok_0_8010.jpeg,0,0.0074997838,3,-4.885353088378906,156.83717346191406,62.782135009765625,111.36546325683594,199.1909942626953,56.54294382882796,3.1692539021441513,TN,TN
cast_ok_0_8126.jpeg,0,0.0019488827,3,-6.238548278808594,150.75257873535156,61.652713775634766,89.67537689208984,182.9964141845703,58.376584702118905,4.076360881751565,TN,TN
cast_ok_0_8269.jpeg,0,0.007596251,3,-4.8724751472473145,141.72071838378906,63.566162109375,154.53155517578125,167.1106719970703,59.95028711275018,2.81595827331225,TN,TN
cast_ok_0_8307.jpeg,0,0.0064737713,3,-5.033501625061035,144.1309051513672,61.68718719482422,179.37937927246094,167.12374877929688,57.875512371917964,4.697006361859052,TN,TN
cast_ok_0_8517.jpeg,0,0.070313446,3,-2.5818843841552734,139.30160522460938,59.531734466552734,192.5558624267578,162.2516632080078,57.98540616189026,3.3374294964044617,TN,TN
cast_ok_0_8600.jpeg,0,0.093514815,3,-2.2714548110961914,147.42800903320312,64.24412536621094,226.16229248046875,153.6133270263672,59.92107739479622,1.1336321666677602,TN,TN
cast_ok_0_8619.jpeg,0,0.0004903787,3,-7.619842052459717,155.32595825195312,58.510536193847656,157.54183959960938,186.20632934570312,52.61805194062786,17.60255282449574,TN,TN
cast_ok_0_8761.jpeg,0,0.06948571,3,-2.594616413116455,153.88319396972656,65.56251525878906,246.18838500976562,164.23841857910156,59.45712401350388,10.160871046273696,TN,TN
cast_ok_0_8863.jpeg,0,0.013940004,3,-4.2589545249938965,140.1498565673828,59.975250244140625,190.36524963378906,162.5177459716797,57.97717135304921,3.5117398936434845,TN,TN
cast_ok_0_8934.jpeg,0,0.019960297,3,-3.893847942352295,141.12266540527344,63.372440338134766,152.1804656982422,166.64208984375,59.96355955354968,2.391358366066512,TN,TN
cast_ok_0_8967.jpeg,0,0.0051294756,3,-5.267609119415283,150.562744140625,61.63930130004883,89.65686798095703,183.4203338623047,58.37931098745383,2.5669229950198478,TN,TN
cast_ok_0_9087.jpeg,0,0.003070367,3,-5.782883167266846,136.36688232421875,61.750450134277344,331.5135498046875,164.13650512695312,67.1764784461615,3.4191644095548774,TN,TN
cast_ok_0_913.jpeg,0,0.0341519,3,-3.3421883583068848,153.26412963867188,65.51835632324219,249.45880126953125,163.19708251953125,59.51865861508815,7.1663641881967495,TN,TN
cast_ok_0_9179.jpeg,0,0.0034478302,3,-5.666556358337402,155.983154296875,58.88467025756836,133.2819061279297,186.5474090576172,52.5302617862055,14.305695595954838,TN,TN
cast_ok_0_9256.jpeg,0,0.0075921007,3,-4.873025894165039,143.51644897460938,61.74840545654297,180.8195037841797,166.5814208984375,57.89750781684389,3.367609825242407,TN,TN
cast_ok_0_9386.jpeg,0,0.020394282,3,-3.8718955516815186,140.1375732421875,60.25667190551758,191.80474853515625,162.75950622558594,57.97991641928275,2.7336630125369354,TN,TN
cast_ok_0_9436.jpeg,0,0.0071888515,3,-4.928009033203125,150.9566192626953,61.73150634765625,90.07804107666016,184.8975830078125,58.38203714547849,3.2664190611425274,TN,TN
cast_ok_0_9499.jpeg,0,0.051869523,3,-2.9057607650756836,154.0611114501953,65.88377380371094,251.0978240966797,164.18557739257812,59.47050651699629,10.45403565916784,TN,TN
cast_ok_0_963.jpeg,0,0.0026275755,3,-5.939062595367432,155.1280517578125,66.21569061279297,249.44395446777344,164.54324340820312,59.49458743754555,5.757886500833878,TN,TN
cast_ok_0_9695.jpeg,0,0.41007334,3,-0.3636620342731476,153.17820739746094,60.58460235595703,70.87984466552734,191.6752471923828,57.34509075905924,6.260923217286395,TN,TN
cast_ok_0_9783.jpeg,0,0.017932521,3,-4.003044128417969,153.98876953125,61.13231658935547,80.79444122314453,185.6752471923828,56.178666070958684,3.4457373629838077,TN,TN
cast_ok_0_9837.jpeg,0,0.0031823367,3,-5.746952056884766,142.1614532470703,61.11071014404297,198.59115600585938,164.51632690429688,57.97442615683786,4.235756303015731,TN,TN
cast_ok_0_9945.jpeg,0,0.0040658955,3,-5.501047134399414,152.31185913085938,66.26904296875,242.816162109375,158.00125122070312,59.81740073416757,2.537325768637194,TN,TN
cast_ok_0_9957.jpeg,0,0.0038865062,3,-5.546350479125977,152.30679321289062,60.48373794555664,87.58006286621094,183.61383056640625,56.24944682987451,2.2601286296446146,TN,TN
cast_def_0_2834.jpeg,1,0.9998227,4,8.637499809265137,145.1276092529297,58.808319091796875,287.7858581542969,167.2518310546875,62.617419126086105,10.04605635993959,TP,TP
cast_def_0_3171.jpeg,1,1.0,4,17.919523239135742,133.87095642089844,58.74626159667969,245.43670654296875,147.04750061035156,54.28547620026497,6.415020732065141,TP,TP
cast_def_0_3793.jpeg,1,0.99988675,4,9.085887908935547,137.6289520263672,56.1059455871582,141.59422302246094,158.88792419433594,59.553410917090176,5.840999247925149,TP,TP
cast_def_0_4415.jpeg,1,0.9999995,4,14.679558753967285,149.80706787109375,60.625572204589844,149.16773986816406,175.6111602783203,54.891906348894125,6.332635246937925,TP,TP
cast_def_0_4942.jpeg,1,0.99997556,4,10.617613792419434,141.01473999023438,56.51646423339844,296.2491149902344,162.16241455078125,63.322583935411316,9.172352114332966,TP,TP
cast_def_0_5225.jpeg,1,0.999959,4,10.102131843566895,145.57818603515625,59.95455551147461,224.59144592285156,165.18783569335938,59.07579531516339,8.271668920489692,TP,TP
cast_def_0_5583.jpeg,1,0.9998677,4,8.930642127990723,132.74887084960938,52.95372772216797,148.43746948242188,149.85174560546875,57.59157068560553,2.427405664875363,TP,TP
cast_def_0_5859.jpeg,1,0.9997876,4,8.456984519958496,138.85641479492188,56.042236328125,100.24269104003906,161.79258728027344,58.125219414250424,5.641413519875507,TP,TP
cast_def_0_6196.jpeg,1,0.9999949,4,12.187911987304688,136.73065185546875,59.55229187011719,246.3660888671875,142.9565887451172,58.534499356211484,7.9256804739303455,TP,TP
cast_def_0_6531.jpeg,1,0.99999976,4,15.189900398254395,151.20611572265625,61.04520034790039,148.3260955810547,177.29708862304688,54.886107193381775,6.292007817201908,TP,TP
cast_def_0_6539.jpeg,1,0.99968386,4,8.058999061584473,145.19505310058594,59.050289154052734,85.33210754394531,173.5760040283203,59.08118323029295,11.311200082324708,TP,TP
cast_def_0_7269.jpeg,1,0.9999869,4,11.238016128540039,131.4536590576172,53.12115478515625,110.26046752929688,145.12025451660156,57.43383454482752,5.470231401443523,TP,TP
cast_def_0_7433.jpeg,1,1.0,4,20.510154724121094,133.6208953857422,58.554656982421875,274.7599792480469,146.70567321777344,54.288407935541066,6.454519130248294,TP,TP
cast_def_0_7712.jpeg,1,0.9988023,4,6.726142883300781,145.8757781982422,59.17499923706055,93.99504089355469,174.36366271972656,59.08657065411578,9.681348770468007,TP,TP
cast_def_0_8226.jpeg,1,0.99018747,4,4.614232540130615,140.3246612548828,59.84135818481445,242.78915405273438,152.80125427246094,58.02930540630589,5.295232599342147,TP,TP
cast_def_0_8652.jpeg,1,0.9943175,4,5.164664268493652,137.2829132080078,58.412418365478516,127.68197631835938,158.31057739257812,58.42563837421865,2.603055451899394,TP,TP
cast_def_0_8833.jpeg,1,0.99969256,4,8.086751937866211,145.9788055419922,59.263126373291016,93.74657440185547,174.59866333007812,59.04615299383237,9.17847610216847,TP,TP
cast_def_0_9301.jpeg,1,0.80637103,4,1.426600456237793,136.6640625,55.156982421875,139.31092834472656,154.76258850097656,58.39839142110965,6.260927279441712,TP,TP
cast_def_0_9713.jpeg,1,0.9994217,4,7.454919815063477,137.666015625,56.18858337402344,121.69762420654297,158.7729949951172,59.54539295530129,7.244924426878968,TP,TP
cast_def_0_9817.jpeg,1,1.0,4,18.108261108398438,141.57046508789062,61.75771713256836,251.0660858154297,157.26882934570312,54.37043234138261,3.983245223220347,TP,TP
cast_def_0_9888.jpeg,1,0.9999161,4,9.385268211364746,139.37350463867188,55.541603088378906,220.63897705078125,161.3123321533203,57.453228975627724,4.51175425616588,TP,TP
cast_ok_0_1132.jpeg,0,0.00030382557,4,-8.098752975463867,132.98851013183594,55.192718505859375,217.6922607421875,147.569580078125,67.59452719179366,7.488785955588787,TN,TN
cast_ok_0_1174.jpeg,0,0.024481717,4,-3.685042381286621,139.28341674804688,59.852840423583984,239.51573181152344,161.60833740234375,58.09235245125256,2.5666493334067493,TN,TN
cast_ok_0_1328.jpeg,0,0.034365535,4,-3.335731267929077,157.03684997558594,59.54737091064453,158.0952911376953,187.951416015625,52.59990048193541,12.294195324899222,TN,TN
cast_ok_0_1482.jpeg,0,0.017746886,4,-4.013638973236084,158.06224060058594,63.248294830322266,80.36628723144531,200.8385009765625,56.475349131825496,3.4348177718191946,TN,TN
cast_ok_0_1665.jpeg,0,0.012234053,4,-4.3912224769592285,157.18592834472656,59.51353073120117,137.5948486328125,187.74790954589844,52.51207998175447,10.979495279267466,TN,TN
cast_ok_0_1678.jpeg,0,0.00045211823,4,-7.701114654541016,131.0518035888672,54.48794937133789,209.4783935546875,146.81057739257812,67.67218285622384,1.2387174972132826,TN,TN
cast_ok_0_1763.jpeg,0,0.0043137292,4,-5.441629409790039,150.898193359375,61.84117889404297,87.70099639892578,184.56683349609375,58.34931484277965,5.7540456636081405,TN,TN
cast_ok_0_1792.jpeg,0,0.0044057085,4,-5.420438766479492,152.3800048828125,64.64552307128906,165.8108673095703,184.1009979248047,57.31455334744152,7.842221580868088,TN,TN
cast_ok_0_1910.jpeg,0,0.0023467958,4,-6.05235481262207,151.35972595214844,66.03767395019531,247.8184814453125,158.25074768066406,59.851979575552726,1.6649840802504252,TN,TN
cast_ok_0_1970.jpeg,0,0.013459649,4,-4.29450798034668,136.89608764648438,51.4005126953125,153.17588806152344,159.45358276367188,62.21453380035002,9.2736799957851,TN,TN
cast_ok_0_2056.jpeg,0,0.038695395,4,-3.2125706672668457,141.09425354003906,60.66094207763672,197.39666748046875,163.65090942382812,57.92773791673141,2.750810945210232,TN,TN
cast_ok_0_2118.jpeg,0,0.023488685,4,-3.7274675369262695,151.74363708496094,60.570220947265625,78.72988891601562,182.4673309326172,56.31731266613571,4.282886853011227,TN,TN
cast_ok_0_2187.jpeg,0,0.0013294264,4,-6.621677398681641,151.14035034179688,64.24551391601562,239.305908203125,160.20907592773438,59.553410917090176,4.171204262070631,TN,TN
cast_ok_0_2233.jpeg,0,0.006178009,4,-5.080562114715576,141.5341796875,63.38652420043945,155.93685913085938,166.57716369628906,59.942322237652995,3.6417879091692944,TN,TN
cast_ok_0_2249.jpeg,0,0.04266917,4,-3.1106724739074707,150.71690368652344,61.61655044555664,88.62942504882812,184.02532958984375,58.39294050483128,3.891153175869059,TN,TN
cast_ok_0_242.jpeg,0,0.16805874,4,-1.5994482040405273,155.87351989746094,58.935123443603516,151.10955810546875,186.166748046875,52.59384860358805,10.92070725596018,TN,TN
cast_ok_0_2479.jpeg,0,0.04726093,4,-3.003657102584839,143.17141723632812,61.63103103637695,180.99781799316406,166.4274139404297,57.95245990572941,2.512411755639248,TN,TN
cast_ok_0_266.jpeg,0,0.005424344,4,-5.211419105529785,132.2618408203125,49.63877487182617,151.4576873779297,156.29600524902344,62.21964991678483,7.100951626779245,TN,TN
cast_ok_0_271.jpeg,0,0.058256615,4,-2.7828750610351562,152.0997772216797,60.09265899658203,72.19502258300781,191.8210906982422,57.36174067688187,2.685805693986488,TN,TN
cast_ok_0_2902.jpeg,0,0.0215474,4,-3.8157172203063965,158.19528198242188,63.26694107055664,79.02339935302734,201.1302490234375,56.438701535747555,3.9818243884483144,TN,TN
cast_ok_0_3052.jpeg,0,0.16800892,4,-1.5998046398162842,136.15798950195312,51.14185333251953,156.56199645996094,158.53208923339844,62.20685883675805,9.211194267048269,TN,TN
cast_ok_0_3064.jpeg,0,0.01560651,4,-4.1443376541137695,150.54220581054688,61.53192138671875,89.57555389404297,184.7638397216797,58.39839142110965,1.4030301717972105,TN,TN
cast_ok_0_3210.jpeg,0,0.018840307,4,-3.9527366161346436,151.66839599609375,64.54730224609375,247.64578247070312,161.86734008789062,59.50528694081298,7.648223658574922,TN,TN
cast_ok_0_3362.jpeg,0,0.012049872,4,-4.406578063964844,143.1024169921875,63.967002868652344,152.20822143554688,168.38424682617188,59.9343563040772,5.761478608172042,TN,TN
cast_ok_0_3443.jpeg,0,0.039070133,4,-3.202543020248413,151.35452270507812,60.28520202636719,76.52408599853516,182.00440979003906,56.25227620775059,2.2904827202565987,TN,TN
cast_ok_0_3548.jpeg,0,0.008278212,4,-4.785815715789795,142.5152130126953,63.89948654174805,155.06326293945312,168.3701629638672,59.97152160809871,2.4438303980391716,TN,TN
cast_ok_0_3626.jpeg,0,0.01279103,4,-4.346137523651123,154.83551025390625,66.17082977294922,380.38934326171875,165.05833435058594,59.59615516154324,8.242230061079498,TN,TN
cast_ok_0_3662.jpeg,0,0.002293172,4,-6.075523376464844,152.83233642578125,64.66014862060547,173.52333068847656,184.39608764648438,57.292334097392555,6.963145085978128,TN,TN
cast_ok_0_3741.jpeg,0,0.021467218,4,-3.8195271492004395,142.2991943359375,63.92405319213867,156.25570678710938,168.1007537841797,59.968867707373526,5.658001721622356,TN,TN
cast_ok_0_3819.jpeg,0,0.0018969597,4,-6.265604019165039,142.83154296875,63.682315826416016,154.36544799804688,168.82566833496094,60.00601163642723,2.253635559219614,TN,TN
cast_ok_0_3971.jpeg,0,0.0583505,4,-2.78116512298584,153.42886352539062,61.155635833740234,78.7784652709961,185.01475524902344,56.223976021722486,1.853113039307905,TN,TN
cast_ok_0_4152.jpeg,0,0.24608447,4,-1.119605541229248,140.5585479736328,60.45246124267578,172.07546997070312,163.7415008544922,57.94147365730734,1.2845487236475484,TN,TN
cast_ok_0_4155.jpeg,0,0.006934246,4,-4.964324474334717,143.25782775878906,61.54176712036133,178.34979248046875,166.1665802001953,57.919494908803976,4.4570068807170635,TN,TN
cast_ok_0_427.jpeg,0,0.014905132,4,-4.191032409667969,152.4633331298828,60.6650390625,80.34197998046875,183.96766662597656,56.232467573011384,2.5537388955904254,TN,TN
cast_ok_0_4308.jpeg,0,0.0078042937,4,-4.845246315002441,157.24349975585938,62.75564956665039,87.90362548828125,200.47283935546875,56.48662053182433,4.011835817427451,TN,TN
cast_ok_0_4428.jpeg,0,0.024506554,4,-3.6840028762817383,156.03463745117188,62.41753387451172,75.78277587890625,198.87290954589844,56.548573073087894,6.528674137508904,TN,TN
cast_ok_0_454.jpeg,0,0.007867412,4,-4.837127685546875,151.3547821044922,64.01050567626953,167.01963806152344,182.80233764648438,57.31733014807043,6.804905189549143,TN,TN
cast_ok_0_4619.jpeg,0,0.032987017,4,-3.3780977725982666,141.62554931640625,63.352176666259766,172.92233276367188,167.5120849609375,60.03252894367251,3.9418502690280177,TN,TN
cast_ok_0_4671.jpeg,0,0.038809557,4,-3.209506034851074,151.7174835205078,60.178253173828125,81.06255340576172,183.1371612548828,56.232467573011384,4.0172183369390435,TN,TN
cast_ok_0_4739.jpeg,0,0.004545423,4,-5.389078617095947,155.3998260498047,66.3871841430664,270.0892333984375,166.01300048828125,59.44909306540031,9.567557335992257,TN,TN
cast_ok_0_4751.jpeg,0,0.016539373,4,-4.085333824157715,142.96144104003906,61.18526077270508,179.98777770996094,165.94766235351562,57.88926050437117,5.199186701933463,TN,TN
cast_ok_0_4834.jpeg,0,0.003000452,4,-5.805987358093262,156.45620727539062,59.31569290161133,137.15591430664062,186.87649536132812,52.56660652887427,11.792322987578554,TN,TN
cast_ok_0_4910.jpeg,0,0.008281175,4,-4.785454750061035,157.4888153076172,66.28166961669922,333.8901672363281,185.05258178710938,66.75104333866777,4.909772038859517,TN,TN
cast_ok_0_4934.jpeg,0,0.03368059,4,-3.3565726280212402,141.6770782470703,63.138004302978516,172.3173065185547,167.71824645996094,59.96090530041984,3.7658021903792247,TN,TN
cast_ok_0_5013.jpeg,0,0.0009138811,4,-6.996895790100098,152.6664276123047,64.35186004638672,195.45115661621094,184.36041259765625,57.30344479934853,8.333250874942461,TN,TN
cast_ok_0_5167.jpeg,0,0.028131723,4,-3.5423223972320557,140.64187622070312,63.099239349365234,150.5931396484375,167.0135040283203,59.99009562581091,5.202526756641721,TN,TN
cast_ok_0_5238.jpeg,0,0.01727113,4,-4.04129695892334,150.7511444091797,61.75135803222656,92.43331146240234,183.88941955566406,58.360224315594955,1.4539155736285845,TN,TN
cast_ok_0_5323.jpeg,0,0.012610686,4,-4.360519886016846,140.5987091064453,60.542972564697266,173.95387268066406,163.37367248535156,57.95245990572941,3.0336620844189883,TN,TN
cast_ok_0_5392.jpeg,0,0.010895974,4,-4.508406162261963,142.95973205566406,61.44680404663086,201.41954040527344,165.28900146484375,57.97168083063024,4.733354908125519,TN,TN
cast_ok_0_5562.jpeg,0,0.024395876,4,-3.688642740249634,141.2738037109375,63.335079193115234,154.4850616455078,167.3280029296875,59.968867707373526,3.5348938573504003,TN,TN
cast_ok_0_5641.jpeg,0,0.009382015,4,-4.659534454345703,156.55332946777344,62.831573486328125,75.91011047363281,199.03565979003906,56.52605273246037,3.0992340036624673,TN,TN
cast_ok_0_5770.jpeg,0,0.014743651,4,-4.202089309692383,152.212646484375,64.14306640625,167.88290405273438,183.5663299560547,57.22006194759379,5.646603095075444,TN,TN
cast_ok_0_5858.jpeg,0,0.008539266,4,-4.754504203796387,151.78282165527344,62.08948516845703,89.48302459716797,184.04150390625,58.37113174944697,5.11865255291636,TN,TN
cast_ok_0_5944.jpeg,0,0.032055233,4,-3.407714605331421,139.8900604248047,62.52503967285156,178.960693359375,165.42225646972656,60.024574981538414,3.5844338043648976,TN,TN
cast_ok_0_6057.jpeg,0,0.006680765,4,-5.001819610595703,151.84988403320312,61.64090347290039,97.59535217285156,184.55416870117188,58.373858289455896,3.608419804045265,TN,TN
cast_ok_0_6110.jpeg,0,0.0077860593,4,-4.847603797912598,152.29718017578125,64.29144287109375,196.49392700195312,183.98182678222656,57.32843600559533,7.266493306181521,TN,TN
cast_ok_0_6205.jpeg,0,0.03887351,4,-3.2077929973602295,153.6705322265625,65.7267074584961,261.0406799316406,164.10549926757812,59.502612245365356,10.427918626676604,TN,TN
cast_ok_0_6265.jpeg,0,0.0020822347,4,-6.172229290008545,152.5402069091797,64.95597839355469,253.77618408203125,163.40841674804688,59.52400644371794,10.4426335371811,TN,TN
cast_ok_0_6406.jpeg,0,0.005844245,4,-5.136436462402344,153.69471740722656,65.54547882080078,255.79649353027344,163.7344970703125,59.51598452057416,9.099937988883386,TN,TN
cast_ok_0_6407.jpeg,0,0.008262079,4,-4.787782669067383,156.31423950195312,59.2271614074707,139.37734985351562,186.96791076660156,52.54237949381449,13.402500742393672,TN,TN
cast_ok_0_6606.jpeg,0,0.07584724,4,-2.5001559257507324,153.1868896484375,60.36552047729492,78.72051239013672,191.70408630371094,57.358966026207796,6.101287894307672,TN,TN
cast_ok_0_6620.jpeg,0,0.13558479,4,-1.852455973625183,157.2823944091797,59.83917999267578,155.3089141845703,187.8176727294922,52.5696341232053,10.83019801871574,TN,TN
cast_ok_0_6718.jpeg,0,0.0006391174,4,-7.354783058166504,151.97592163085938,66.18478393554688,246.34632873535156,157.41250610351562,59.814739995303896,2.921251374393127,TN,TN
cast_ok_0_6731.jpeg,0,0.08745426,4,-2.3451223373413086,156.50308227539062,59.303165435791016,137.96388244628906,187.40333557128906,52.52117167075321,16.04406634261866,TN,TN
cast_ok_0_7018.jpeg,0,0.60486704,4,0.42578625679016113,152.5630645751953,60.09917068481445,70.627685546875,191.44532775878906,57.33398812763688,2.6717224288947463,FP,TN
cast_ok_0_7055.jpeg,0,0.0069273347,4,-4.965328693389893,157.92918395996094,63.510459899902344,75.81204223632812,201.11000061035156,56.52042124525014,3.3629631482405147,TN,TN
cast_ok_0_710.jpeg,0,0.01315762,4,-4.317509174346924,136.49510192871094,51.20516586303711,150.02610778808594,158.86016845703125,62.18894690484039,7.462963787596627,TN,TN
cast_ok_0_7241.jpeg,0,0.009757053,4,-4.619959831237793,140.1934051513672,62.71984100341797,172.51719665527344,165.7931671142578,60.03252894367251,3.7291720840259504,TN,TN
cast_ok_0_7332.jpeg,0,0.012546084,4,-4.365721225738525,140.0644073486328,60.23019027709961,173.8242645263672,163.47508239746094,57.89475884322618,0.9170875463112137,TN,TN
cast_ok_0_7333.jpeg,0,0.020296112,4,-3.8768210411071777,155.9152069091797,62.30110168457031,75.87342071533203,198.4810791015625,56.5119729622137,5.4210161143775775,TN,TN
cast_ok_0_7534.jpeg,0,0.0025257403,4,-5.978692054748535,151.6658935546875,65.72547149658203,236.90931701660156,157.03233337402344,59.80675706847226,3.587272210348851,TN,TN
cast_ok_0_7664.jpeg,0,0.30543563,4,-0.8215457201004028,152.99195861816406,60.404422760009766,73.03388977050781,192.8524169921875,57.350641268752256,2.2220053753974773,TN,TN
cast_ok_0_7823.jpeg,0,0.009123641,4,-4.687720775604248,150.58999633789062,65.28175354003906,379.0632019042969,157.81707763671875,60.00070676865959,1.899057785862534,TN,TN
cast_ok_0_7915.jpeg,0,0.020638598,4,-3.8597376346588135,142.28872680664062,58.19873809814453,243.111083984375,163.3487548828125,66.80585987907745,6.658167342741524,TN,TN
cast_ok_0_807.jpeg,0,0.057370853,4,-2.7991366386413574,157.8087158203125,66.41792297363281,339.88330078125,188.01316833496094,66.76057988323227,9.10609063603855,TN,TN
cast_ok_0_8107.jpeg,0,0.10364268,4,-2.1573898792266846,142.20431518554688,60.94586181640625,194.38356018066406,164.5786590576172,57.949713538886385,5.0790724161790965,TN,TN
cast_ok_0_8196.jpeg,0,0.0789427,4,-2.4567999839782715,152.66888427734375,60.60163116455078,90.1903305053711,184.89967346191406,56.263592296420235,5.329227010632828,TN,TN
cast_ok_0_8366.jpeg,0,0.003068194,4,-5.78359317779541,152.45591735839844,64.86901092529297,248.1641845703125,162.4649200439453,59.52935379192472,7.835011197888087,TN,TN
cast_ok_0_8436.jpeg,0,0.0010135841,4,-6.893248558044434,152.99017333984375,64.84003448486328,168.93406677246094,184.67449951171875,57.289556085215615,4.5498370793479985,TN,TN
cast_ok_0_8599.jpeg,0,0.057982408,4,-2.78788423538208,139.62257385253906,60.06367111206055,171.34701538085938,162.64283752441406,57.96618978815232,2.8589964959713003,TN,TN
cast_ok_0_8693.jpeg,0,0.019244434,4,-3.9311013221740723,140.0914306640625,60.36233901977539,199.48114013671875,162.541748046875,57.97717135304921,4.754631524688659,TN,TN
cast_ok_0_8788.jpeg,0,0.07113975,4,-2.56931209564209,156.93165588378906,59.485923767089844,135.7933807373047,187.6195831298828,52.54237949381449,13.42081800499717,TN,TN
cast_ok_0_8877.jpeg,0,0.09144519,4,-2.2961153984069824,156.1165008544922,58.918800354003906,160.0961151123047,186.7538299560547,52.57266154318092,14.512396731426554,TN,TN
cast_ok_0_8950.jpeg,0,0.031241981,4,-3.4342520236968994,152.6832275390625,60.02941131591797,80.5378646850586,191.50799560546875,57.342315302737454,6.196430293090301,TN,TN
cast_ok_0_9014.jpeg,0,0.00870423,4,-4.735203742980957,154.55397033691406,66.08869934082031,260.8631896972656,164.97450256347656,59.47318265633917,11.349222164009866,TN,TN
cast_ok_0_9056.jpeg,0,0.08192512,4,-2.416473388671875,153.3797607421875,60.535308837890625,73.99244689941406,193.0292510986328,57.306222138247506,1.9257399517247737,TN,TN
cast_ok_0_9149.jpeg,0,0.004943192,4,-5.304788589477539,156.44873046875,59.04367446899414,135.8098907470703,187.01824951171875,52.55146594083335,13.798730440229154,TN,TN
cast_ok_0_9195.jpeg,0,0.01865666,4,-3.962719202041626,156.7432403564453,62.664947509765625,77.78313446044922,199.55650329589844,56.48098511299135,3.730799202165983,TN,TN
cast_ok_0_927.jpeg,0,0.012190131,4,-4.394863605499268,141.1678924560547,62.974395751953125,152.86700439453125,167.0992431640625,59.99540143182897,3.3337448675425096,TN,TN
cast_ok_0_9393.jpeg,0,0.1729616,4,-1.5647815465927124,150.59793090820312,61.638282775878906,88.1594467163086,183.15725708007812,58.42291425073545,3.604418947925283,TN,TN
cast_ok_0_9437.jpeg,0,0.0032396014,4,-5.729060173034668,152.58880615234375,65.98609924316406,245.18386840820312,160.05467224121094,59.782801892112765,1.341689233652559,TN,TN
cast_ok_0_9558.jpeg,0,0.0042751646,4,-5.450648307800293,152.66685485839844,65.1652603149414,254.41839599609375,162.53933715820312,59.52133258946401,9.42100755076753,TN,TN
cast_ok_0_9633.jpeg,0,0.00952477,4,-4.644289016723633,156.5054931640625,62.6161003112793,89.09613037109375,198.7620849609375,56.540128996526086,3.31245184812809,TN,TN
cast_ok_0_9671.jpeg,0,0.0003237018,4,-8.035364151000977,141.990234375,58.16227340698242,251.6697540283203,161.267333984375,66.79871244660616,5.044076102113632,TN,TN
cast_ok_0_9748.jpeg,0,0.038766198,4,-3.2106690406799316,138.89561462402344,59.4827766418457,336.2633361816406,169.88600158691406,63.99511696716126,2.518811931723611,TN,TN
cast_ok_0_989.jpeg,0,0.014089105,4,-4.248164176940918,158.65919494628906,63.589080810546875,89.63306427001953,200.78541564941406,56.47816719271055,0.8927033380340881,TN,TN
cast_ok_0_9946.jpeg,0,0.0027109021,4,-5.907759189605713,141.3347625732422,63.36550521850586,154.27542114257812,166.66583251953125,60.00070676865959,1.9012126799221647,TN,TN
cast_ok_0_9961.jpeg,0,0.019915769,4,-3.8961267471313477,151.0565948486328,61.509986877441406,117.82575225830078,184.9964141845703,58.41201648637078,2.4977296911035,TN,TN
